Workbook
Name ACTION: #REF!
Name ACTION: #REF!

Sheet Cover
B2: TEST REPORT DOCUMENT
A4: Project Name | B4: Arden | E4: Creator | F4: Arden project team
A5: Project Code | B5: ARDEN | E5: Issue Date | F5: 31 October 2026
A6: Document Code | B6: =B5&"_TestReport_v1.2" -> ARDEN_TestReport_v1.2 | E6: Version | F6: 1.2
A9: Record of change
A10: Effective Date | B10: Version | C10: Change Item | D10: *A,D,M | E10: Change description | F10: Reference
A11: 31 October 2026 | B11: 1.2 | C11: Expanded automated checkout | D11: M | E11: Local run of 387 tests on 31 October 2026 by Quốc Anh: 380 passed, 7 skipped, 0 failed. | F11: feat/workspace-shell-polish @ 045a7b5; pnpm test, pnpm test:remote, and the release and pull-request node tests.

Sheet Test Cases
D1: TEST CASE LIST
B3: Project Name | D3: =Cover!B4 -> Arden
B4: Project Code | D4: =Cover!B5 -> ARDEN
B5: Test Environment Setup Description | D5: Checked source definitions on feat/workspace-shell-polish at commit 045a7b5b07c4746f32d447eb707c026d875016ef. All 387 Node/Vitest checks are individually listed in nine feature sheets. Reported: 380 passed; 7 API live-integration tests skipped for unconfigured Supabase or arden_test_* PostgreSQL; 0 failed. Fifty separate manually designed scenarios remain Pending and are not counted in automated totals.
B8: No | C8: Function Name | D8: Sheet Name | E8: Description | F8: Pre-Condition
B9: 1 | C9: UI Account & Org | D9: Feature1 | E9: Account, Invitations and Organization Management (70 source-defined automated tests). | F9: UI view-model and component tests covering login, membership, invitations, organization governance and copy.
B10: 2 | C10: UI Knowledge/Notes | D10: Feature2 | E10: Private Notes, Knowledge Library and Reader Experience (63 source-defined automated tests). | F10: UI tests for documents, drafts, review surfaces, knowledge states, PDF and citation presentation.
B11: 3 | C11: UI Workspace | D11: Feature3 | E11: Workspace Navigation and Shared UI Behaviors (35 source-defined automated tests). | F11: Workspace shell, application API client, cancellation, navigation and shared UI-contract checks.
B12: 4 | C12: API Auth & App | D12: Feature4 | E12: API App, Authentication and Email (74 source-defined automated tests). | F12: API application requests, authentication, local/dev identity constraints and SMTP behavior.
B13: 5 | C13: API Knowledge | D13: Feature5 | E13: API Knowledge Governance and Answers (36 source-defined automated tests). | F13: Knowledge policy, review decisions/queues, evidence contracts and source citations.
B14: 6 | C14: API Data & Index | D14: Feature6 | E14: API Repository, Migrations, Private Storage and Indexing (33 source-defined automated tests). | F14: Database authorization, migrations, content storage, indexing worker and contract tests.
B15: 7 | C15: Desktop & Domain | D15: Feature7 | E15: Desktop Request Protection and Domain Semantics (12 source-defined automated tests). | F15: Electron request policy checks and shared domain semantic-document validation.
B16: 8 | C16: Remote Workflow | D16: Feature8 | E16: Remote Workflow and Exclusive-Lease Protection (16 source-defined automated tests). | F16: Remote session orchestration, safe failure handling and frontend/backend startup sequence.
B17: 9 | C17: Release & PR | D17: Feature9 | E17: Release Pipeline, Migration, Transport and PR Guardrails (48 source-defined automated tests). | F17: Release and pull-request tooling, version identity, migrations and bounded deployment transport.
B18: 10 | C18: Manual Test Design | D18: Manual Plan | E18: 50 supplemental manual scenarios; planned, not part of the 387 executed/skip test inventory. | F18: Execution receipt not provided; all cases remain Pending.

Sheet Test Statistics
B1: TEST STATISTICS
B3: Project Name | C3: =Cover!B4 -> Arden | E3: Creator | G3: Arden project team
B4: Project Code | C4: =Cover!B5 -> ARDEN | E4: Reviewer/Approver | G4: Source SHA pinned
B5: Document Code | C5: =Cover!B6 -> ARDEN_TestReport_v1.2 | E5: Issue Date | H5: 31 October 2026
B6: Notes | C6: Local run on 31 October 2026, tester Quốc Anh, on feat/workspace-shell-polish at 045a7b5. Commands: pnpm test, pnpm test:remote, and the release and pull-request node tests. Result: 387 tests, 380 passed, 7 skipped, 0 failed. The seven skips are one live Supabase auth check and six PostgreSQL row-level-security checks; those environments were not configured. Areas: UI 168 passed; API 136 passed and 7 skipped; Desktop 7; Domain 5; Remote workflow 16; Release and pull-request checks 48. The 50 manual scenarios are pending and are not in this total.
B10: No | C10: Module code | D10: Passed | E10: Failed | F10: Pending | G10: Skipped | H10: Number of test cases
B11: 1 | C11: ='Feature 1'!B2 -> UI Account & Org | D11: ='Feature 1'!B6 -> 70 | E11: ='Feature 1'!C6 -> 0 | F11: ='Feature 1'!D6 -> 0 | G11: ='Feature 1'!E6 -> 0 | H11: ='Feature 1'!B4 -> 70
B12: 2 | C12: ='Feature 2'!B2 -> UI Knowledge/Notes | D12: ='Feature 2'!B6 -> 63 | E12: ='Feature 2'!C6 -> 0 | F12: ='Feature 2'!D6 -> 0 | G12: ='Feature 2'!E6 -> 0 | H12: ='Feature 2'!B4 -> 63
B13: 3 | C13: ='Feature 3'!B2 -> UI Workspace | D13: ='Feature 3'!B6 -> 35 | E13: ='Feature 3'!C6 -> 0 | F13: ='Feature 3'!D6 -> 0 | G13: ='Feature 3'!E6 -> 0 | H13: ='Feature 3'!B4 -> 35
B14: 4 | C14: ='Feature 4'!B2 -> API Auth & App | D14: ='Feature 4'!B6 -> 73 | E14: ='Feature 4'!C6 -> 0 | F14: ='Feature 4'!D6 -> 0 | G14: ='Feature 4'!E6 -> 1 | H14: ='Feature 4'!B4 -> 74
B15: 5 | C15: ='Feature 5'!B2 -> API Knowledge | D15: ='Feature 5'!B6 -> 36 | E15: ='Feature 5'!C6 -> 0 | F15: ='Feature 5'!D6 -> 0 | G15: ='Feature 5'!E6 -> 0 | H15: ='Feature 5'!B4 -> 36
B16: 6 | C16: ='Feature 6'!B2 -> API Data & Index | D16: ='Feature 6'!B6 -> 27 | E16: ='Feature 6'!C6 -> 0 | F16: ='Feature 6'!D6 -> 0 | G16: ='Feature 6'!E6 -> 6 | H16: ='Feature 6'!B4 -> 33
B17: 7 | C17: ='Feature 7'!B2 -> Desktop & Domain | D17: ='Feature 7'!B6 -> 12 | E17: ='Feature 7'!C6 -> 0 | F17: ='Feature 7'!D6 -> 0 | G17: ='Feature 7'!E6 -> 0 | H17: ='Feature 7'!B4 -> 12
B18: 8 | C18: ='Feature 8'!B2 -> Remote Workflow | D18: ='Feature 8'!B6 -> 16 | E18: ='Feature 8'!C6 -> 0 | F18: ='Feature 8'!D6 -> 0 | G18: ='Feature 8'!E6 -> 0 | H18: ='Feature 8'!B4 -> 16
B19: 9 | C19: ='Feature 9'!B2 -> Release & PR | D19: ='Feature 9'!B6 -> 48 | E19: ='Feature 9'!C6 -> 0 | F19: ='Feature 9'!D6 -> 0 | G19: ='Feature 9'!E6 -> 0 | H19: ='Feature 9'!B4 -> 48
C21: Sub total | D21: =SUM(D11:D19) -> 380 | E21: =SUM(E11:E19) -> 0 | F21: =SUM(F11:F19) -> 0 | G21: =SUM(G11:G19) -> 7 | H21: =SUM(H11:H19) -> 387
C23: Test coverage | E23: =IFERROR((D21+E21)*100/(H21-G21),0) -> 100 | F23: %
C24: Test successful coverage | E24: =IFERROR(D21*100/(H21-G21),0) -> 100 | F24: %

Sheet Feature 1
A2: Feature | B2: UI Account & Org | R2: Passed
A3: Test requirement | B3: UI view-model and component tests covering login, membership, invitations, organization governance and copy. | R3: Failed
A4: Number of TCs | B4: =COUNTA($F$12:$F$998) -> 70 | R4: Pending
A5: Testing Round | B5: Passed | C5: Failed | D5: Pending | E5: Skipped | R5: Skipped
A6: Round 1 | B6: =COUNTIF($F$12:$F$998,B$5) -> 70 | C6: =COUNTIF($F$12:$F$998,C$5) -> 0 | D6: =COUNTIF($F$12:$F$998,D$5) -> 0 | E6: =COUNTIF($F$12:$F$998,E$5) -> 0
A7: Round 2 | B7: =COUNTIF($I$12:$I$998,B$5) -> 0 | C7: =COUNTIF($I$12:$I$998,C$5) -> 0 | D7: =COUNTIF($I$12:$I$998,D$5) -> 0 | E7: =COUNTIF($I$12:$I$998,E$5) -> 0
A8: Round 3 | B8: =COUNTIF($L$12:$L$998,B$5) -> 0 | C8: =COUNTIF($L$12:$L$998,C$5) -> 0 | D8: =COUNTIF($L$12:$L$998,D$5) -> 0 | E8: =COUNTIF($L$12:$L$998,E$5) -> 0
A10: Test Case ID | B10: Test Case Description | C10: Test Case Procedure | D10: Expected Results | E10: Pre-conditions | F10: Round 1 | G10: Test date | H10: Tester | I10: Round 2 | J10: Test date | K10: Tester | L10: Round 3 | M10: Test date | N10: Tester | O10: Note
A11: adminDetailIslands (4)
A12: AT-001 | B12: shows the end date for a grant that expires | C12: 1. Load the source-defined test fixtures. 2. Run this check using the configured repository test runner. 3. Exercise: shows the end date for a grant that expires 4. Verify the test's assertions and side effects. | D12: shows the end date for a grant that expires. Expected UI text, state and presentation appear in the test assertions. | E12: Repository UI test fixtures; component/model mocks and test runner configured as in source. | F12: Passed | H12: Quốc Anh | O12: UI source: packages/ui/tests/adminDetailIslands.test.ts:7 Passed on 31 October 2026 in the local run of 387 tests (380 passed, 7 skipped, 0 failed) on feat/workspace-shell-polish at 045a7b5.
A13: AT-002 | B13: shows the start date for an open-ended grant | C13: 1. Load the source-defined test fixtures. 2. Run this check using the configured repository test runner. 3. Exercise: shows the start date for an open-ended grant 4. Verify the test's assertions and side effects. | D13: shows the start date for an open-ended grant. Expected UI text, state and presentation appear in the test assertions. | E13: Repository UI test fixtures; component/model mocks and test runner configured as in source. | F13: Passed | H13: Quốc Anh | O13: UI source: packages/ui/tests/adminDetailIslands.test.ts:11 Passed on 31 October 2026 in the local run of 387 tests (380 passed, 7 skipped, 0 failed) on feat/workspace-shell-polish at 045a7b5.
A14: AT-003 | B14: describes department and organization scopes | C14: 1. Load the source-defined test fixtures. 2. Run this check using the configured repository test runner. 3. Exercise: describes department and organization scopes 4. Verify the test's assertions and side effects. | D14: describes department and organization scopes. All declared source assertions and state checks satisfy the named behavior. | E14: Repository UI test fixtures; component/model mocks and test runner configured as in source. | F14: Passed | H14: Quốc Anh | O14: UI source: packages/ui/tests/adminDetailIslands.test.ts:17 Passed on 31 October 2026 in the local run of 387 tests (380 passed, 7 skipped, 0 failed) on feat/workspace-shell-polish at 045a7b5.
A15: AT-004 | B15: does not label an unassigned organization administrator as awaiting assignment | C15: 1. Load the source-defined test fixtures. 2. Run this check using the configured repository test runner. 3. Exercise: does not label an unassigned organization administrator as awaiting assignment 4. Verify the test's assertions and side effects. | D15: does not label an unassigned organization administrator as awaiting assignment. The named invariant holds under the exercised input. | E15: Repository UI test fixtures; component/model mocks and test runner configured as in source. | F15: Passed | H15: Quốc Anh | O15: UI source: packages/ui/tests/adminDetailIslands.test.ts:24 Passed on 31 October 2026 in the local run of 387 tests (380 passed, 7 skipped, 0 failed) on feat/workspace-shell-polish at 045a7b5.
A16: invitationFeedback (5)
A17: AT-005 | B17: returns an acceptance error for the shared signed-in and signed-out page area | C17: 1. Load the source-defined test fixtures. 2. Run this check using the configured repository test runner. 3. Exercise: returns an acceptance error for the shared signed-in and signed-out page area 4. Verify the test's assertions and side effects. | D17: returns an acceptance error for the shared signed-in and signed-out page area. The response or exposed contract matches the expected fixture and assertions. | E17: Repository UI test fixtures; component/model mocks and test runner configured as in source. | F17: Passed | H17: Quốc Anh | O17: UI source: packages/ui/tests/invitationFeedback.test.ts:50 Passed on 31 October 2026 in the local run of 387 tests (380 passed, 7 skipped, 0 failed) on feat/workspace-shell-polish at 045a7b5.
A18: AT-006 | B18: shows a success message when no error is present | C18: 1. Load the source-defined test fixtures. 2. Run this check using the configured repository test runner. 3. Exercise: shows a success message when no error is present 4. Verify the test's assertions and side effects. | D18: shows a success message when no error is present. Expected UI text, state and presentation appear in the test assertions. | E18: Repository UI test fixtures; component/model mocks and test runner configured as in source. | F18: Passed | H18: Quốc Anh | O18: UI source: packages/ui/tests/invitationFeedback.test.ts:56 Passed on 31 October 2026 in the local run of 387 tests (380 passed, 7 skipped, 0 failed) on feat/workspace-shell-polish at 045a7b5.
A19: AT-007 | B19: does not render empty feedback | C19: 1. Load the source-defined test fixtures. 2. Run this check using the configured repository test runner. 3. Exercise: does not render empty feedback 4. Verify the test's assertions and side effects. | D19: does not render empty feedback. The named invariant holds under the exercised input. | E19: Repository UI test fixtures; component/model mocks and test runner configured as in source. | F19: Passed | H19: Quốc Anh | O19: UI source: packages/ui/tests/invitationFeedback.test.ts:62 Passed on 31 October 2026 in the local run of 387 tests (380 passed, 7 skipped, 0 failed) on feat/workspace-shell-polish at 045a7b5.
A20: AT-008 | B20: keeps an acceptance error visible after sign-in and leaves the retry action available | C20: 1. Load the source-defined test fixtures. 2. Run this check using the configured repository test runner. 3. Exercise: keeps an acceptance error visible after sign-in and leaves the retry action available 4. Verify the test's assertions and side effects. | D20: keeps an acceptance error visible after sign-in and leaves the retry action available. The named invariant holds under the exercised input. | E20: Repository UI test fixtures; component/model mocks and test runner configured as in source. | F20: Passed | H20: Quốc Anh | O20: UI source: packages/ui/tests/invitationFeedback.test.ts:66 Passed on 31 October 2026 in the local run of 387 tests (380 passed, 7 skipped, 0 failed) on feat/workspace-shell-polish at 045a7b5.
A21: AT-009 | B21: does not call an invitation unavailable when its acceptance response is lost | C21: 1. Load the source-defined test fixtures. 2. Run this check using the configured repository test runner. 3. Exercise: does not call an invitation unavailable when its acceptance response is lost 4. Verify the test's assertions and side effects. | D21: does not call an invitation unavailable when its acceptance response is lost. The named invariant holds under the exercised input. | E21: Repository UI test fixtures; component/model mocks and test runner configured as in source. | F21: Passed | H21: Quốc Anh | O21: UI source: packages/ui/tests/invitationFeedback.test.ts:90 Passed on 31 October 2026 in the local run of 387 tests (380 passed, 7 skipped, 0 failed) on feat/workspace-shell-polish at 045a7b5.
A22: invitationStatus (3)
A23: AT-010 | B23: treats a pending invitation past expiry as expired | C23: 1. Load the source-defined test fixtures. 2. Run this check using the configured repository test runner. 3. Exercise: treats a pending invitation past expiry as expired 4. Verify the test's assertions and side effects. | D23: treats a pending invitation past expiry as expired. All declared source assertions and state checks satisfy the named behavior. | E23: Repository UI test fixtures; component/model mocks and test runner configured as in source. | F23: Passed | H23: Quốc Anh | O23: UI source: packages/ui/tests/invitationStatus.test.ts:8 Passed on 31 October 2026 in the local run of 387 tests (380 passed, 7 skipped, 0 failed) on feat/workspace-shell-polish at 045a7b5.
A24: AT-011 | B24: keeps server outcomes and maps unknown statuses to revoked | C24: 1. Load the source-defined test fixtures. 2. Run this check using the configured repository test runner. 3. Exercise: keeps server outcomes and maps unknown statuses to revoked 4. Verify the test's assertions and side effects. | D24: keeps server outcomes and maps unknown statuses to revoked. The named invariant holds under the exercised input. | E24: Repository UI test fixtures; component/model mocks and test runner configured as in source. | F24: Passed | H24: Quốc Anh | O24: UI source: packages/ui/tests/invitationStatus.test.ts:13 Passed on 31 October 2026 in the local run of 387 tests (380 passed, 7 skipped, 0 failed) on feat/workspace-shell-polish at 045a7b5.
A25: AT-012 | B25: counts every invitation once and orders actionable ones first | C25: 1. Load the source-defined test fixtures. 2. Run this check using the configured repository test runner. 3. Exercise: counts every invitation once and orders actionable ones first 4. Verify the test's assertions and side effects. | D25: counts every invitation once and orders actionable ones first. All declared source assertions and state checks satisfy the named behavior. | E25: Repository UI test fixtures; component/model mocks and test runner configured as in source. | F25: Passed | H25: Quốc Anh | O25: UI source: packages/ui/tests/invitationStatus.test.ts:19 Passed on 31 October 2026 in the local run of 387 tests (380 passed, 7 skipped, 0 failed) on feat/workspace-shell-polish at 045a7b5.
A26: memberAdministration (6)
A27: AT-013 | B27: keeps organization administrators available in the member manager | C27: 1. Load the source-defined test fixtures. 2. Run this check using the configured repository test runner. 3. Exercise: keeps organization administrators available in the member manager 4. Verify the test's assertions and side effects. | D27: keeps organization administrators available in the member manager. The named invariant holds under the exercised input. | E27: Repository UI test fixtures; component/model mocks and test runner configured as in source. | F27: Passed | H27: Quốc Anh | O27: UI source: packages/ui/tests/memberAdministration.test.ts:19 Passed on 31 October 2026 in the local run of 387 tests (380 passed, 7 skipped, 0 failed) on feat/workspace-shell-polish at 045a7b5.
A28: AT-014 | B28: includes organization administrators whose department membership is affected by deletion | C28: 1. Load the source-defined test fixtures. 2. Run this check using the configured repository test runner. 3. Exercise: includes organization administrators whose department membership is affected by deletion 4. Verify the test's assertions and side effects. | D28: includes organization administrators whose department membership is affected by deletion. All declared source assertions and state checks satisfy the named behavior. | E28: Repository UI test fixtures; component/model mocks and test runner configured as in source. | F28: Passed | H28: Quốc Anh | O28: UI source: packages/ui/tests/memberAdministration.test.ts:24 Passed on 31 October 2026 in the local run of 387 tests (380 passed, 7 skipped, 0 failed) on feat/workspace-shell-polish at 045a7b5.
A29: AT-015 | B29: does not classify an unassigned organization administrator as waiting for assignment | C29: 1. Load the source-defined test fixtures. 2. Run this check using the configured repository test runner. 3. Exercise: does not classify an unassigned organization administrator as waiting for assignment 4. Verify the test's assertions and side effects. | D29: does not classify an unassigned organization administrator as waiting for assignment. The named invariant holds under the exercised input. | E29: Repository UI test fixtures; component/model mocks and test runner configured as in source. | F29: Passed | H29: Quốc Anh | O29: UI source: packages/ui/tests/memberAdministration.test.ts:28 Passed on 31 October 2026 in the local run of 387 tests (380 passed, 7 skipped, 0 failed) on feat/workspace-shell-polish at 045a7b5.
A30: AT-016 | B30: shows active unassigned members only in the awaiting-assignment filter | C30: 1. Load the source-defined test fixtures. 2. Run this check using the configured repository test runner. 3. Exercise: shows active unassigned members only in the awaiting-assignment filter 4. Verify the test's assertions and side effects. | D30: shows active unassigned members only in the awaiting-assignment filter. Expected UI text, state and presentation appear in the test assertions. | E30: Repository UI test fixtures; component/model mocks and test runner configured as in source. | F30: Passed | H30: Quốc Anh | O30: UI source: packages/ui/tests/memberAdministration.test.ts:34 Passed on 31 October 2026 in the local run of 387 tests (380 passed, 7 skipped, 0 failed) on feat/workspace-shell-polish at 045a7b5.
A31: AT-017 | B31: does not treat a custom role named Department Administrator as an organization admin | C31: 1. Load the source-defined test fixtures. 2. Run this check using the configured repository test runner. 3. Exercise: does not treat a custom role named Department Administrator as an organization admin 4. Verify the test's assertions and side effects. | D31: does not treat a custom role named Department Administrator as an organization admin. The named invariant holds under the exercised input. | E31: Repository UI test fixtures; component/model mocks and test runner configured as in source. | F31: Passed | H31: Quốc Anh | O31: UI source: packages/ui/tests/memberAdministration.test.ts:42 Passed on 31 October 2026 in the local run of 387 tests (380 passed, 7 skipped, 0 failed) on feat/workspace-shell-polish at 045a7b5.
A32: AT-018 | B32: keeps the assignment and access consequences of department deletion | C32: 1. Load the source-defined test fixtures. 2. Run this check using the configured repository test runner. 3. Exercise: keeps the assignment and access consequences of department deletion 4. Verify the test's assertions and side effects. | D32: keeps the assignment and access consequences of department deletion. The named invariant holds under the exercised input. | E32: Repository UI test fixtures; component/model mocks and test runner configured as in source. | F32: Passed | H32: Quốc Anh | O32: UI source: packages/ui/tests/memberAdministration.test.ts:54 Passed on 31 October 2026 in the local run of 387 tests (380 passed, 7 skipped, 0 failed) on feat/workspace-shell-polish at 045a7b5.
A33: membershipAssignment (5)
A34: AT-019 | B34: keeps an active department-free member in the waiting room even with private workspace permission | C34: 1. Load the source-defined test fixtures. 2. Run this check using the configured repository test runner. 3. Exercise: keeps an active department-free member in the waiting room even with private workspace permission 4. Verify the test's assertions and side effects. | D34: keeps an active department-free member in the waiting room even with private workspace permission. The named invariant holds under the exercised input. | E34: Repository UI test fixtures; component/model mocks and test runner configured as in source. | F34: Passed | H34: Quốc Anh | O34: UI source: packages/ui/tests/membershipAssignment.test.ts:5 Passed on 31 October 2026 in the local run of 387 tests (380 passed, 7 skipped, 0 failed) on feat/workspace-shell-polish at 045a7b5.
A35: AT-020 | B35: keeps the organization administrator exception | C35: 1. Load the source-defined test fixtures. 2. Run this check using the configured repository test runner. 3. Exercise: keeps the organization administrator exception 4. Verify the test's assertions and side effects. | D35: keeps the organization administrator exception. The named invariant holds under the exercised input. | E35: Repository UI test fixtures; component/model mocks and test runner configured as in source. | F35: Passed | H35: Quốc Anh | O35: UI source: packages/ui/tests/membershipAssignment.test.ts:12 Passed on 31 October 2026 in the local run of 387 tests (380 passed, 7 skipped, 0 failed) on feat/workspace-shell-polish at 045a7b5.
A36: AT-021 | B36: does not send inactive memberships to the waiting room | C36: 1. Load the source-defined test fixtures. 2. Run this check using the configured repository test runner. 3. Exercise: does not send inactive memberships to the waiting room 4. Verify the test's assertions and side effects. | D36: does not send inactive memberships to the waiting room. The named invariant holds under the exercised input. | E36: Repository UI test fixtures; component/model mocks and test runner configured as in source. | F36: Passed | H36: Quốc Anh | O36: UI source: packages/ui/tests/membershipAssignment.test.ts:19 Passed on 31 October 2026 in the local run of 387 tests (380 passed, 7 skipped, 0 failed) on feat/workspace-shell-polish at 045a7b5.
A37: AT-022 | B37: does not claim private workspace access when the server denies it | C37: 1. Load the source-defined test fixtures. 2. Run this check using the configured repository test runner. 3. Exercise: does not claim private workspace access when the server denies it 4. Verify the test's assertions and side effects. | D37: does not claim private workspace access when the server denies it. The named invariant holds under the exercised input. | E37: Repository UI test fixtures; component/model mocks and test runner configured as in source. | F37: Passed | H37: Quốc Anh | O37: UI source: packages/ui/tests/membershipAssignment.test.ts:26 Passed on 31 October 2026 in the local run of 387 tests (380 passed, 7 skipped, 0 failed) on feat/workspace-shell-polish at 045a7b5.
A38: AT-023 | B38: uses a readable administrator label without exposing role codes | C38: 1. Load the source-defined test fixtures. 2. Run this check using the configured repository test runner. 3. Exercise: uses a readable administrator label without exposing role codes 4. Verify the test's assertions and side effects. | D38: uses a readable administrator label without exposing role codes. All declared source assertions and state checks satisfy the named behavior. | E38: Repository UI test fixtures; component/model mocks and test runner configured as in source. | F38: Passed | H38: Quốc Anh | O38: UI source: packages/ui/tests/membershipAssignment.test.ts:34 Passed on 31 October 2026 in the local run of 387 tests (380 passed, 7 skipped, 0 failed) on feat/workspace-shell-polish at 045a7b5.
A39: organizationWorkflow (32)
A40: AT-024 | B40: creates a normalized seven-day invitation without adding or mutating a member | C40: 1. Load the source-defined test fixtures. 2. Run this check using the configured repository test runner. 3. Exercise: creates a normalized seven-day invitation without adding or mutating a member 4. Verify the test's assertions and side effects. | D40: creates a normalized seven-day invitation without adding or mutating a member. All declared source assertions and state checks satisfy the named behavior. | E40: Repository UI test fixtures; component/model mocks and test runner configured as in source. | F40: Passed | H40: Quốc Anh | O40: UI source: packages/ui/tests/organizationWorkflow.test.ts:41 Passed on 31 October 2026 in the local run of 387 tests (380 passed, 7 skipped, 0 failed) on feat/workspace-shell-polish at 045a7b5.
A41: AT-025 | B41: accepts the matching account once and waits for department and role assignment | C41: 1. Load the source-defined test fixtures. 2. Run this check using the configured repository test runner. 3. Exercise: accepts the matching account once and waits for department and role assignment 4. Verify the test's assertions and side effects. | D41: accepts the matching account once and waits for department and role assignment. The authorized operation behaves as asserted by the test. | E41: Repository UI test fixtures; component/model mocks and test runner configured as in source. | F41: Passed | H41: Quốc Anh | O41: UI source: packages/ui/tests/organizationWorkflow.test.ts:62 Passed on 31 October 2026 in the local run of 387 tests (380 passed, 7 skipped, 0 failed) on feat/workspace-shell-polish at 045a7b5.
A42: AT-026 | B42: rejects duplicate invitation ID without changing the organization | C42: 1. Load the source-defined test fixtures. 2. Run this check using the configured repository test runner. 3. Exercise: rejects duplicate invitation ID without changing the organization 4. Verify the test's assertions and side effects. | D42: rejects duplicate invitation ID without changing the organization. Invalid or unauthorized behavior is blocked without a prohibited state change. | E42: Repository UI test fixtures; component/model mocks and test runner configured as in source. | F42: Passed | H42: Quốc Anh | O42: UI source: packages/ui/tests/organizationWorkflow.test.ts:84 Parameterized case: duplicate invitation ID Passed on 31 October 2026 in the local run of 387 tests (380 passed, 7 skipped, 0 failed) on feat/workspace-shell-polish at 045a7b5.
A43: AT-027 | B43: rejects duplicate pending invitation email without changing the organization | C43: 1. Load the source-defined test fixtures. 2. Run this check using the configured repository test runner. 3. Exercise: rejects duplicate pending invitation email without changing the organization 4. Verify the test's assertions and side effects. | D43: rejects duplicate pending invitation email without changing the organization. Invalid or unauthorized behavior is blocked without a prohibited state change. | E43: Repository UI test fixtures; component/model mocks and test runner configured as in source. | F43: Passed | H43: Quốc Anh | O43: UI source: packages/ui/tests/organizationWorkflow.test.ts:84 Parameterized case: duplicate pending invitation email Passed on 31 October 2026 in the local run of 387 tests (380 passed, 7 skipped, 0 failed) on feat/workspace-shell-polish at 045a7b5.
A44: AT-028 | B44: rejects empty name without changing the organization | C44: 1. Load the source-defined test fixtures. 2. Run this check using the configured repository test runner. 3. Exercise: rejects empty name without changing the organization 4. Verify the test's assertions and side effects. | D44: rejects empty name without changing the organization. Invalid or unauthorized behavior is blocked without a prohibited state change. | E44: Repository UI test fixtures; component/model mocks and test runner configured as in source. | F44: Passed | H44: Quốc Anh | O44: UI source: packages/ui/tests/organizationWorkflow.test.ts:84 Parameterized case: empty name Passed on 31 October 2026 in the local run of 387 tests (380 passed, 7 skipped, 0 failed) on feat/workspace-shell-polish at 045a7b5.
A45: AT-029 | B45: rejects invalid email without changing the organization | C45: 1. Load the source-defined test fixtures. 2. Run this check using the configured repository test runner. 3. Exercise: rejects invalid email without changing the organization 4. Verify the test's assertions and side effects. | D45: rejects invalid email without changing the organization. Invalid or unauthorized behavior is blocked without a prohibited state change. | E45: Repository UI test fixtures; component/model mocks and test runner configured as in source. | F45: Passed | H45: Quốc Anh | O45: UI source: packages/ui/tests/organizationWorkflow.test.ts:84 Parameterized case: invalid email Passed on 31 October 2026 in the local run of 387 tests (380 passed, 7 skipped, 0 failed) on feat/workspace-shell-polish at 045a7b5.
A46: AT-030 | B46: rejects missing invitation ID without changing the organization | C46: 1. Load the source-defined test fixtures. 2. Run this check using the configured repository test runner. 3. Exercise: rejects missing invitation ID without changing the organization 4. Verify the test's assertions and side effects. | D46: rejects missing invitation ID without changing the organization. Invalid or unauthorized behavior is blocked without a prohibited state change. | E46: Repository UI test fixtures; component/model mocks and test runner configured as in source. | F46: Passed | H46: Quốc Anh | O46: UI source: packages/ui/tests/organizationWorkflow.test.ts:84 Parameterized case: missing invitation ID Passed on 31 October 2026 in the local run of 387 tests (380 passed, 7 skipped, 0 failed) on feat/workspace-shell-polish at 045a7b5.
A47: AT-031 | B47: rejects existing member emails regardless of casing and membership state | C47: 1. Load the source-defined test fixtures. 2. Run this check using the configured repository test runner. 3. Exercise: rejects existing member emails regardless of casing and membership state 4. Verify the test's assertions and side effects. | D47: rejects existing member emails regardless of casing and membership state. Invalid or unauthorized behavior is blocked without a prohibited state change. | E47: Repository UI test fixtures; component/model mocks and test runner configured as in source. | F47: Passed | H47: Quốc Anh | O47: UI source: packages/ui/tests/organizationWorkflow.test.ts:94 Passed on 31 October 2026 in the local run of 387 tests (380 passed, 7 skipped, 0 failed) on feat/workspace-shell-polish at 045a7b5.
A48: AT-032 | B48: rejects an expired invitation at the exact expiry boundary | C48: 1. Load the source-defined test fixtures. 2. Run this check using the configured repository test runner. 3. Exercise: rejects an expired invitation at the exact expiry boundary 4. Verify the test's assertions and side effects. | D48: rejects an expired invitation at the exact expiry boundary. Invalid or unauthorized behavior is blocked without a prohibited state change. | E48: Repository UI test fixtures; component/model mocks and test runner configured as in source. | F48: Passed | H48: Quốc Anh | O48: UI source: packages/ui/tests/organizationWorkflow.test.ts:107 Passed on 31 October 2026 in the local run of 387 tests (380 passed, 7 skipped, 0 failed) on feat/workspace-shell-polish at 045a7b5.
A49: AT-033 | B49: rejects the wrong account and an unavailable invitation | C49: 1. Load the source-defined test fixtures. 2. Run this check using the configured repository test runner. 3. Exercise: rejects the wrong account and an unavailable invitation 4. Verify the test's assertions and side effects. | D49: rejects the wrong account and an unavailable invitation. Invalid or unauthorized behavior is blocked without a prohibited state change. | E49: Repository UI test fixtures; component/model mocks and test runner configured as in source. | F49: Passed | H49: Quốc Anh | O49: UI source: packages/ui/tests/organizationWorkflow.test.ts:116 Passed on 31 October 2026 in the local run of 387 tests (380 passed, 7 skipped, 0 failed) on feat/workspace-shell-polish at 045a7b5.
A50: AT-034 | B50: rejects a missing or existing member identifier when accepting | C50: 1. Load the source-defined test fixtures. 2. Run this check using the configured repository test runner. 3. Exercise: rejects a missing or existing member identifier when accepting 4. Verify the test's assertions and side effects. | D50: rejects a missing or existing member identifier when accepting. Invalid or unauthorized behavior is blocked without a prohibited state change. | E50: Repository UI test fixtures; component/model mocks and test runner configured as in source. | F50: Passed | H50: Quốc Anh | O50: UI source: packages/ui/tests/organizationWorkflow.test.ts:122 Passed on 31 October 2026 in the local run of 387 tests (380 passed, 7 skipped, 0 failed) on feat/workspace-shell-polish at 045a7b5.
A51: AT-035 | B51: keeps repeated acceptance idempotent without creating a second membership | C51: 1. Load the source-defined test fixtures. 2. Run this check using the configured repository test runner. 3. Exercise: keeps repeated acceptance idempotent without creating a second membership 4. Verify the test's assertions and side effects. | D51: keeps repeated acceptance idempotent without creating a second membership. The named invariant holds under the exercised input. | E51: Repository UI test fixtures; component/model mocks and test runner configured as in source. | F51: Passed | H51: Quốc Anh | O51: UI source: packages/ui/tests/organizationWorkflow.test.ts:129 Passed on 31 October 2026 in the local run of 387 tests (380 passed, 7 skipped, 0 failed) on feat/workspace-shell-polish at 045a7b5.
... A71: AT-055 | B71: denies an assigned member with a unknown role scope and blocks restoration | C71: 1. Load the source-defined test fixtures. 2. Run this check using the configured repository test runner. 3. Exercise: denies an assigned member with a unknown role scope and blocks restoration 4. Verify the test's assertions and side effects. | D71: denies an assigned member with a unknown role scope and blocks restoration. Invalid or unauthorized behavior is blocked without a prohibited state change. | E71: Repository UI test fixtures; component/model mocks and test runner configured as in source. | F71: Passed | H71: Quốc Anh | O71: UI source: packages/ui/tests/organizationWorkflow.test.ts:332 Parameterized case: unknown Passed on 31 October 2026 in the local run of 387 tests (380 passed, 7 skipped, 0 failed) on feat/workspace-shell-polish at 045a7b5.
A72: signInPage (2)
A73: AT-056 | B73: does not render 'Have a reset code?' and transitions directly to reset-password on sending instructions | C73: 1. Load the source-defined test fixtures. 2. Run this check using the configured repository test runner. 3. Exercise: does not render 'Have a reset code?' and transitions directly to reset-password on sending instructions 4. Verify the test's assertions and side effects. | D73: does not render 'Have a reset code?' and transitions directly to reset-password on sending instructions. The named invariant holds under the exercised input. | E73: Repository UI test fixtures; component/model mocks and test runner configured as in source. | F73: Passed | H73: Quốc Anh | O73: UI source: packages/ui/tests/signInPage.test.ts:28 Passed on 31 October 2026 in the local run of 387 tests (380 passed, 7 skipped, 0 failed) on feat/workspace-shell-polish at 045a7b5.
A74: AT-057 | B74: clears reset token and switches to sign-in on successful password update | C74: 1. Load the source-defined test fixtures. 2. Run this check using the configured repository test runner. 3. Exercise: clears reset token and switches to sign-in on successful password update 4. Verify the test's assertions and side effects. | D74: clears reset token and switches to sign-in on successful password update. All declared source assertions and state checks satisfy the named behavior. | E74: Repository UI test fixtures; component/model mocks and test runner configured as in source. | F74: Passed | H74: Quốc Anh | O74: UI source: packages/ui/tests/signInPage.test.ts:77 Passed on 31 October 2026 in the local run of 387 tests (380 passed, 7 skipped, 0 failed) on feat/workspace-shell-polish at 045a7b5.
A75: userCopy (10)
A76: AT-058 | B76: keeps ACTIVE publication state accurate without repeating it | C76: 1. Load the source-defined test fixtures. 2. Run this check using the configured repository test runner. 3. Exercise: keeps ACTIVE publication state accurate without repeating it 4. Verify the test's assertions and side effects. | D76: keeps ACTIVE publication state accurate without repeating it. The named invariant holds under the exercised input. | E76: Repository UI test fixtures; component/model mocks and test runner configured as in source. | F76: Passed | H76: Quốc Anh | O76: UI source: packages/ui/tests/userCopy.test.ts:52 Parameterized case: ACTIVE Passed on 31 October 2026 in the local run of 387 tests (380 passed, 7 skipped, 0 failed) on feat/workspace-shell-polish at 045a7b5.
A77: AT-059 | B77: keeps FAILED publication state accurate without repeating it | C77: 1. Load the source-defined test fixtures. 2. Run this check using the configured repository test runner. 3. Exercise: keeps FAILED publication state accurate without repeating it 4. Verify the test's assertions and side effects. | D77: keeps FAILED publication state accurate without repeating it. The named invariant holds under the exercised input. | E77: Repository UI test fixtures; component/model mocks and test runner configured as in source. | F77: Passed | H77: Quốc Anh | O77: UI source: packages/ui/tests/userCopy.test.ts:52 Parameterized case: FAILED Passed on 31 October 2026 in the local run of 387 tests (380 passed, 7 skipped, 0 failed) on feat/workspace-shell-polish at 045a7b5.
A78: AT-060 | B78: keeps PREPARING publication state accurate without repeating it | C78: 1. Load the source-defined test fixtures. 2. Run this check using the configured repository test runner. 3. Exercise: keeps PREPARING publication state accurate without repeating it 4. Verify the test's assertions and side effects. | D78: keeps PREPARING publication state accurate without repeating it. The named invariant holds under the exercised input. | E78: Repository UI test fixtures; component/model mocks and test runner configured as in source. | F78: Passed | H78: Quốc Anh | O78: UI source: packages/ui/tests/userCopy.test.ts:52 Parameterized case: PREPARING Passed on 31 October 2026 in the local run of 387 tests (380 passed, 7 skipped, 0 failed) on feat/workspace-shell-polish at 045a7b5.
A79: AT-061 | B79: does not claim an index is ready in the empty chat | C79: 1. Load the source-defined test fixtures. 2. Run this check using the configured repository test runner. 3. Exercise: does not claim an index is ready in the empty chat 4. Verify the test's assertions and side effects. | D79: does not claim an index is ready in the empty chat. The named invariant holds under the exercised input. | E79: Repository UI test fixtures; component/model mocks and test runner configured as in source. | F79: Passed | H79: Quốc Anh | O79: UI source: packages/ui/tests/userCopy.test.ts:68 Passed on 31 October 2026 in the local run of 387 tests (380 passed, 7 skipped, 0 failed) on feat/workspace-shell-polish at 045a7b5.
A80: AT-062 | B80: shows the DEPARTMENT boundary before approving group readers | C80: 1. Load the source-defined test fixtures. 2. Run this check using the configured repository test runner. 3. Exercise: shows the DEPARTMENT boundary before approving group readers 4. Verify the test's assertions and side effects. | D80: shows the DEPARTMENT boundary before approving group readers. Expected UI text, state and presentation appear in the test assertions. | E80: Repository UI test fixtures; component/model mocks and test runner configured as in source. | F80: Passed | H80: Quốc Anh | O80: UI source: packages/ui/tests/userCopy.test.ts:76 Parameterized case: DEPARTMENT Passed on 31 October 2026 in the local run of 387 tests (380 passed, 7 skipped, 0 failed) on feat/workspace-shell-polish at 045a7b5.
A81: AT-063 | B81: shows the ORGANIZATION boundary before approving group readers | C81: 1. Load the source-defined test fixtures. 2. Run this check using the configured repository test runner. 3. Exercise: shows the ORGANIZATION boundary before approving group readers 4. Verify the test's assertions and side effects. | D81: shows the ORGANIZATION boundary before approving group readers. Expected UI text, state and presentation appear in the test assertions. | E81: Repository UI test fixtures; component/model mocks and test runner configured as in source. | F81: Passed | H81: Quốc Anh | O81: UI source: packages/ui/tests/userCopy.test.ts:76 Parameterized case: ORGANIZATION Passed on 31 October 2026 in the local run of 387 tests (380 passed, 7 skipped, 0 failed) on feat/workspace-shell-polish at 045a7b5.
A82: AT-064 | B82: keeps the private-copy warning and reuses retry identity without showing request keys | C82: 1. Load the source-defined test fixtures. 2. Run this check using the configured repository test runner. 3. Exercise: keeps the private-copy warning and reuses retry identity without showing request keys 4. Verify the test's assertions and side effects. | D82: keeps the private-copy warning and reuses retry identity without showing request keys. The named invariant holds under the exercised input. | E82: Repository UI test fixtures; component/model mocks and test runner configured as in source. | F82: Passed | H82: Quốc Anh | O82: UI source: packages/ui/tests/userCopy.test.ts:115 Passed on 31 October 2026 in the local run of 387 tests (380 passed, 7 skipped, 0 failed) on feat/workspace-shell-polish at 045a7b5.
A83: AT-065 | B83: does not expose an internal exception in the page fallback | C83: 1. Load the source-defined test fixtures. 2. Run this check using the configured repository test runner. 3. Exercise: does not expose an internal exception in the page fallback 4. Verify the test's assertions and side effects. | D83: does not expose an internal exception in the page fallback. The named invariant holds under the exercised input. | E83: Repository UI test fixtures; component/model mocks and test runner configured as in source. | F83: Passed | H83: Quốc Anh | O83: UI source: packages/ui/tests/userCopy.test.ts:139 Passed on 31 October 2026 in the local run of 387 tests (380 passed, 7 skipped, 0 failed) on feat/workspace-shell-polish at 045a7b5.
A84: AT-066 | B84: lets an author keep editing or discard unsaved document changes without a write | C84: 1. Load the source-defined test fixtures. 2. Run this check using the configured repository test runner. 3. Exercise: lets an author keep editing or discard unsaved document changes without a write 4. Verify the test's assertions and side effects. | D84: lets an author keep editing or discard unsaved document changes without a write. All declared source assertions and state checks satisfy the named behavior. | E84: Repository UI test fixtures; component/model mocks and test runner configured as in source. | F84: Passed | H84: Quốc Anh | O84: UI source: packages/ui/tests/userCopy.test.ts:148 Passed on 31 October 2026 in the local run of 387 tests (380 passed, 7 skipped, 0 failed) on feat/workspace-shell-polish at 045a7b5.
A85: AT-067 | B85: discards a new document form and starts the next form empty | C85: 1. Load the source-defined test fixtures. 2. Run this check using the configured repository test runner. 3. Exercise: discards a new document form and starts the next form empty 4. Verify the test's assertions and side effects. | D85: discards a new document form and starts the next form empty. All declared source assertions and state checks satisfy the named behavior. | E85: Repository UI test fixtures; component/model mocks and test runner configured as in source. | F85: Passed | H85: Quốc Anh | O85: UI source: packages/ui/tests/userCopy.test.ts:166 Passed on 31 October 2026 in the local run of 387 tests (380 passed, 7 skipped, 0 failed) on feat/workspace-shell-polish at 045a7b5.
A86: workspaceSelectPage (3)
A87: AT-068 | B87: renders 'Create your organization' directly when user has no active workspaces | C87: 1. Load the source-defined test fixtures. 2. Run this check using the configured repository test runner. 3. Exercise: renders 'Create your organization' directly when user has no active workspaces 4. Verify the test's assertions and side effects. | D87: renders 'Create your organization' directly when user has no active workspaces. Expected UI text, state and presentation appear in the test assertions. | E87: Repository UI test fixtures; component/model mocks and test runner configured as in source. | F87: Passed | H87: Quốc Anh | O87: UI source: packages/ui/tests/workspaceSelectPage.test.ts:17 Passed on 31 October 2026 in the local run of 387 tests (380 passed, 7 skipped, 0 failed) on feat/workspace-shell-polish at 045a7b5.
A88: AT-069 | B88: renders workspace choices when active memberships exist and allows creating another | C88: 1. Load the source-defined test fixtures. 2. Run this check using the configured repository test runner. 3. Exercise: renders workspace choices when active memberships exist and allows creating another 4. Verify the test's assertions and side effects. | D88: renders workspace choices when active memberships exist and allows creating another. Expected UI text, state and presentation appear in the test assertions. | E88: Repository UI test fixtures; component/model mocks and test runner configured as in source. | F88: Passed | H88: Quốc Anh | O88: UI source: packages/ui/tests/workspaceSelectPage.test.ts:52 Passed on 31 October 2026 in the local run of 387 tests (380 passed, 7 skipped, 0 failed) on feat/workspace-shell-polish at 045a7b5.
A89: AT-070 | B89: renders sample workspace in preview mode | C89: 1. Load the source-defined test fixtures. 2. Run this check using the configured repository test runner. 3. Exercise: renders sample workspace in preview mode 4. Verify the test's assertions and side effects. | D89: renders sample workspace in preview mode. Expected UI text, state and presentation appear in the test assertions. | E89: Repository UI test fixtures; component/model mocks and test runner configured as in source. | F89: Passed | H89: Quốc Anh | O89: UI source: packages/ui/tests/workspaceSelectPage.test.ts:92 Passed on 31 October 2026 in the local run of 387 tests (380 passed, 7 skipped, 0 failed) on feat/workspace-shell-polish at 045a7b5.

Sheet Feature 2
A2: Feature | B2: UI Knowledge/Notes | R2: Passed
A3: Test requirement | B3: UI tests for documents, drafts, review surfaces, knowledge states, PDF and citation presentation. | R3: Failed
A4: Number of TCs | B4: =COUNTA($F$12:$F$998) -> 63 | R4: Pending
A5: Testing Round | B5: Passed | C5: Failed | D5: Pending | E5: Skipped | R5: Skipped
A6: Round 1 | B6: =COUNTIF($F$12:$F$998,B$5) -> 63 | C6: =COUNTIF($F$12:$F$998,C$5) -> 0 | D6: =COUNTIF($F$12:$F$998,D$5) -> 0 | E6: =COUNTIF($F$12:$F$998,E$5) -> 0
A7: Round 2 | B7: =COUNTIF($I$12:$I$998,B$5) -> 0 | C7: =COUNTIF($I$12:$I$998,C$5) -> 0 | D7: =COUNTIF($I$12:$I$998,D$5) -> 0 | E7: =COUNTIF($I$12:$I$998,E$5) -> 0
A8: Round 3 | B8: =COUNTIF($L$12:$L$998,B$5) -> 0 | C8: =COUNTIF($L$12:$L$998,C$5) -> 0 | D8: =COUNTIF($L$12:$L$998,D$5) -> 0 | E8: =COUNTIF($L$12:$L$998,E$5) -> 0
A10: Test Case ID | B10: Test Case Description | C10: Test Case Procedure | D10: Expected Results | E10: Pre-conditions | F10: Round 1 | G10: Test date | H10: Tester | I10: Round 2 | J10: Test date | K10: Tester | L10: Round 3 | M10: Test date | N10: Tester | O10: Note
A11: ardenDocumentModel (5)
A12: AT-071 | B12: rejects unversioned stored text instead of keeping a second canonical format | C12: 1. Load the source-defined test fixtures. 2. Run this check using the configured repository test runner. 3. Exercise: rejects unversioned stored text instead of keeping a second canonical format 4. Verify the test's assertions and side effects. | D12: rejects unversioned stored text instead of keeping a second canonical format. Invalid or unauthorized behavior is blocked without a prohibited state change. | E12: Repository UI test fixtures; component/model mocks and test runner configured as in source. | F12: Passed | H12: Quốc Anh | O12: UI source: packages/ui/tests/ardenDocumentModel.test.ts:10 Passed on 31 October 2026 in the local run of 387 tests (380 passed, 7 skipped, 0 failed) on feat/workspace-shell-polish at 045a7b5.
A13: AT-072 | B13: round-trips supported blocks, stable ids, and inline formatting | C13: 1. Load the source-defined test fixtures. 2. Run this check using the configured repository test runner. 3. Exercise: round-trips supported blocks, stable ids, and inline formatting 4. Verify the test's assertions and side effects. | D13: round-trips supported blocks, stable ids, and inline formatting. All declared source assertions and state checks satisfy the named behavior. | E13: Repository UI test fixtures; component/model mocks and test runner configured as in source. | F13: Passed | H13: Quốc Anh | O13: UI source: packages/ui/tests/ardenDocumentModel.test.ts:17 Passed on 31 October 2026 in the local run of 387 tests (380 passed, 7 skipped, 0 failed) on feat/workspace-shell-polish at 045a7b5.
A14: AT-073 | B14: drops color and layout properties that are outside the fixed Arden format | C14: 1. Load the source-defined test fixtures. 2. Run this check using the configured repository test runner. 3. Exercise: drops color and layout properties that are outside the fixed Arden format 4. Verify the test's assertions and side effects. | D14: drops color and layout properties that are outside the fixed Arden format. All declared source assertions and state checks satisfy the named behavior. | E14: Repository UI test fixtures; component/model mocks and test runner configured as in source. | F14: Passed | H14: Quốc Anh | O14: UI source: packages/ui/tests/ardenDocumentModel.test.ts:38 Passed on 31 October 2026 in the local run of 387 tests (380 passed, 7 skipped, 0 failed) on feat/workspace-shell-polish at 045a7b5.
A15: AT-074 | B15: preserves styled text when an editor link has an unsupported scheme | C15: 1. Load the source-defined test fixtures. 2. Run this check using the configured repository test runner. 3. Exercise: preserves styled text when an editor link has an unsupported scheme 4. Verify the test's assertions and side effects. | D15: preserves styled text when an editor link has an unsupported scheme. The named invariant holds under the exercised input. | E15: Repository UI test fixtures; component/model mocks and test runner configured as in source. | F15: Passed | H15: Quốc Anh | O15: UI source: packages/ui/tests/ardenDocumentModel.test.ts:66 Passed on 31 October 2026 in the local run of 387 tests (380 passed, 7 skipped, 0 failed) on feat/workspace-shell-polish at 045a7b5.
A16: AT-075 | B16: rejects malformed or unsupported versioned content | C16: 1. Load the source-defined test fixtures. 2. Run this check using the configured repository test runner. 3. Exercise: rejects malformed or unsupported versioned content 4. Verify the test's assertions and side effects. | D16: rejects malformed or unsupported versioned content. Invalid or unauthorized behavior is blocked without a prohibited state change. | E16: Repository UI test fixtures; component/model mocks and test runner configured as in source. | F16: Passed | H16: Quốc Anh | O16: UI source: packages/ui/tests/ardenDocumentModel.test.ts:78 Passed on 31 October 2026 in the local run of 387 tests (380 passed, 7 skipped, 0 failed) on feat/workspace-shell-polish at 045a7b5.
A17: askArdenModel (2)
A18: AT-076 | B18: keeps real citations navigable | C18: 1. Load the source-defined test fixtures. 2. Run this check using the configured repository test runner. 3. Exercise: keeps real citations navigable 4. Verify the test's assertions and side effects. | D18: keeps real citations navigable. The named invariant holds under the exercised input. | E18: Repository UI test fixtures; component/model mocks and test runner configured as in source. | F18: Passed | H18: Quốc Anh | O18: UI source: packages/ui/tests/askArdenModel.test.ts:5 Passed on 31 October 2026 in the local run of 387 tests (380 passed, 7 skipped, 0 failed) on feat/workspace-shell-polish at 045a7b5.
A19: AT-077 | B19: marks an honest no-evidence response without inventing citations | C19: 1. Load the source-defined test fixtures. 2. Run this check using the configured repository test runner. 3. Exercise: marks an honest no-evidence response without inventing citations 4. Verify the test's assertions and side effects. | D19: marks an honest no-evidence response without inventing citations. All declared source assertions and state checks satisfy the named behavior. | E19: Repository UI test fixtures; component/model mocks and test runner configured as in source. | F19: Passed | H19: Quốc Anh | O19: UI source: packages/ui/tests/askArdenModel.test.ts:15 Passed on 31 October 2026 in the local run of 387 tests (380 passed, 7 skipped, 0 failed) on feat/workspace-shell-polish at 045a7b5.
A20: knowledgeAudience (3)
A21: AT-078 | B21: offers managed audiences only at their matching scope and groups at either scope | C21: 1. Load the source-defined test fixtures. 2. Run this check using the configured repository test runner. 3. Exercise: offers managed audiences only at their matching scope and groups at either scope 4. Verify the test's assertions and side effects. | D21: offers managed audiences only at their matching scope and groups at either scope. All declared source assertions and state checks satisfy the named behavior. | E21: Repository UI test fixtures; component/model mocks and test runner configured as in source. | F21: Passed | H21: Quốc Anh | O21: UI source: packages/ui/tests/knowledgeAudience.test.ts:11 Passed on 31 October 2026 in the local run of 387 tests (380 passed, 7 skipped, 0 failed) on feat/workspace-shell-polish at 045a7b5.
A22: AT-079 | B22: removes ALL_MEMBERS when switching from Organization to Department | C22: 1. Load the source-defined test fixtures. 2. Run this check using the configured repository test runner. 3. Exercise: removes ALL_MEMBERS when switching from Organization to Department 4. Verify the test's assertions and side effects. | D22: removes ALL_MEMBERS when switching from Organization to Department. All declared source assertions and state checks satisfy the named behavior. | E22: Repository UI test fixtures; component/model mocks and test runner configured as in source. | F22: Passed | H22: Quốc Anh | O22: UI source: packages/ui/tests/knowledgeAudience.test.ts:17 Passed on 31 October 2026 in the local run of 387 tests (380 passed, 7 skipped, 0 failed) on feat/workspace-shell-polish at 045a7b5.
A23: AT-080 | B23: rejects empty, duplicate, unknown and out-of-scope selections | C23: 1. Load the source-defined test fixtures. 2. Run this check using the configured repository test runner. 3. Exercise: rejects empty, duplicate, unknown and out-of-scope selections 4. Verify the test's assertions and side effects. | D23: rejects empty, duplicate, unknown and out-of-scope selections. Invalid or unauthorized behavior is blocked without a prohibited state change. | E23: Repository UI test fixtures; component/model mocks and test runner configured as in source. | F23: Passed | H23: Quốc Anh | O23: UI source: packages/ui/tests/knowledgeAudience.test.ts:21 Passed on 31 October 2026 in the local run of 387 tests (380 passed, 7 skipped, 0 failed) on feat/workspace-shell-polish at 045a7b5.
A24: knowledgeDocumentDetail (3)
A25: AT-081 | B25: marks a future publication as upcoming | C25: 1. Load the source-defined test fixtures. 2. Run this check using the configured repository test runner. 3. Exercise: marks a future publication as upcoming 4. Verify the test's assertions and side effects. | D25: marks a future publication as upcoming. All declared source assertions and state checks satisfy the named behavior. | E25: Repository UI test fixtures; component/model mocks and test runner configured as in source. | F25: Passed | H25: Quốc Anh | O25: UI source: packages/ui/tests/knowledgeDocumentDetail.test.ts:7 Passed on 31 October 2026 in the local run of 387 tests (380 passed, 7 skipped, 0 failed) on feat/workspace-shell-polish at 045a7b5.
A26: AT-082 | B26: marks a publication whose validity ended as expired | C26: 1. Load the source-defined test fixtures. 2. Run this check using the configured repository test runner. 3. Exercise: marks a publication whose validity ended as expired 4. Verify the test's assertions and side effects. | D26: marks a publication whose validity ended as expired. All declared source assertions and state checks satisfy the named behavior. | E26: Repository UI test fixtures; component/model mocks and test runner configured as in source. | F26: Passed | H26: Quốc Anh | O26: UI source: packages/ui/tests/knowledgeDocumentDetail.test.ts:11 Passed on 31 October 2026 in the local run of 387 tests (380 passed, 7 skipped, 0 failed) on feat/workspace-shell-polish at 045a7b5.
A27: AT-083 | B27: keeps an active publication effective | C27: 1. Load the source-defined test fixtures. 2. Run this check using the configured repository test runner. 3. Exercise: keeps an active publication effective 4. Verify the test's assertions and side effects. | D27: keeps an active publication effective. The named invariant holds under the exercised input. | E27: Repository UI test fixtures; component/model mocks and test runner configured as in source. | F27: Passed | H27: Quốc Anh | O27: UI source: packages/ui/tests/knowledgeDocumentDetail.test.ts:15 Passed on 31 October 2026 in the local run of 387 tests (380 passed, 7 skipped, 0 failed) on feat/workspace-shell-polish at 045a7b5.
A28: knowledgeLibrary (3)
A29: AT-084 | B29: matches governed metadata used by the search list | C29: 1. Load the source-defined test fixtures. 2. Run this check using the configured repository test runner. 3. Exercise: matches governed metadata used by the search list 4. Verify the test's assertions and side effects. | D29: matches governed metadata used by the search list. All declared source assertions and state checks satisfy the named behavior. | E29: Repository UI test fixtures; component/model mocks and test runner configured as in source. | F29: Passed | H29: Quốc Anh | O29: UI source: packages/ui/tests/knowledgeLibrary.test.ts:7 Passed on 31 October 2026 in the local run of 387 tests (380 passed, 7 skipped, 0 failed) on feat/workspace-shell-polish at 045a7b5.
A30: AT-085 | B30: does not match unrelated content | C30: 1. Load the source-defined test fixtures. 2. Run this check using the configured repository test runner. 3. Exercise: does not match unrelated content 4. Verify the test's assertions and side effects. | D30: does not match unrelated content. The named invariant holds under the exercised input. | E30: Repository UI test fixtures; component/model mocks and test runner configured as in source. | F30: Passed | H30: Quốc Anh | O30: UI source: packages/ui/tests/knowledgeLibrary.test.ts:14 Passed on 31 October 2026 in the local run of 387 tests (380 passed, 7 skipped, 0 failed) on feat/workspace-shell-polish at 045a7b5.
A31: AT-086 | B31: keeps private and in-review samples out of shared search | C31: 1. Load the source-defined test fixtures. 2. Run this check using the configured repository test runner. 3. Exercise: keeps private and in-review samples out of shared search 4. Verify the test's assertions and side effects. | D31: keeps private and in-review samples out of shared search. The named invariant holds under the exercised input. | E31: Repository UI test fixtures; component/model mocks and test runner configured as in source. | F31: Passed | H31: Quốc Anh | O31: UI source: packages/ui/tests/knowledgeLibrary.test.ts:18 Passed on 31 October 2026 in the local run of 387 tests (380 passed, 7 skipped, 0 failed) on feat/workspace-shell-polish at 045a7b5.
A32: knowledgePreviewModel (7)
A33: AT-087 | B33: blocks incomplete or private drafts from shared review | C33: 1. Load the source-defined test fixtures. 2. Run this check using the configured repository test runner. 3. Exercise: blocks incomplete or private drafts from shared review 4. Verify the test's assertions and side effects. | D33: blocks incomplete or private drafts from shared review. Invalid or unauthorized behavior is blocked without a prohibited state change. | E33: Repository UI test fixtures; component/model mocks and test runner configured as in source. | F33: Passed | H33: Quốc Anh | O33: UI source: packages/ui/tests/knowledgePreviewModel.test.ts:5 Passed on 31 October 2026 in the local run of 387 tests (380 passed, 7 skipped, 0 failed) on feat/workspace-shell-polish at 045a7b5.
A34: AT-088 | B34: keeps submitted content independent from later draft edits | C34: 1. Load the source-defined test fixtures. 2. Run this check using the configured repository test runner. 3. Exercise: keeps submitted content independent from later draft edits 4. Verify the test's assertions and side effects. | D34: keeps submitted content independent from later draft edits. The named invariant holds under the exercised input. | E34: Repository UI test fixtures; component/model mocks and test runner configured as in source. | F34: Passed | H34: Quốc Anh | O34: UI source: packages/ui/tests/knowledgePreviewModel.test.ts:15 Passed on 31 October 2026 in the local run of 387 tests (380 passed, 7 skipped, 0 failed) on feat/workspace-shell-polish at 045a7b5.
A35: AT-089 | B35: keeps approval non-active until explicit index-ready activation | C35: 1. Load the source-defined test fixtures. 2. Run this check using the configured repository test runner. 3. Exercise: keeps approval non-active until explicit index-ready activation 4. Verify the test's assertions and side effects. | D35: keeps approval non-active until explicit index-ready activation. The named invariant holds under the exercised input. | E35: Repository UI test fixtures; component/model mocks and test runner configured as in source. | F35: Passed | H35: Quốc Anh | O35: UI source: packages/ui/tests/knowledgePreviewModel.test.ts:25 Passed on 31 October 2026 in the local run of 387 tests (380 passed, 7 skipped, 0 failed) on feat/workspace-shell-polish at 045a7b5.
A36: AT-090 | B36: does not submit an unchanged published sample again | C36: 1. Load the source-defined test fixtures. 2. Run this check using the configured repository test runner. 3. Exercise: does not submit an unchanged published sample again 4. Verify the test's assertions and side effects. | D36: does not submit an unchanged published sample again. The named invariant holds under the exercised input. | E36: Repository UI test fixtures; component/model mocks and test runner configured as in source. | F36: Passed | H36: Quốc Anh | O36: UI source: packages/ui/tests/knowledgePreviewModel.test.ts:38 Passed on 31 October 2026 in the local run of 387 tests (380 passed, 7 skipped, 0 failed) on feat/workspace-shell-polish at 045a7b5.
A37: AT-091 | B37: freezes classification separately from publication audience | C37: 1. Load the source-defined test fixtures. 2. Run this check using the configured repository test runner. 3. Exercise: freezes classification separately from publication audience 4. Verify the test's assertions and side effects. | D37: freezes classification separately from publication audience. All declared source assertions and state checks satisfy the named behavior. | E37: Repository UI test fixtures; component/model mocks and test runner configured as in source. | F37: Passed | H37: Quốc Anh | O37: UI source: packages/ui/tests/knowledgePreviewModel.test.ts:57 Passed on 31 October 2026 in the local run of 387 tests (380 passed, 7 skipped, 0 failed) on feat/workspace-shell-polish at 045a7b5.
A38: AT-092 | B38: resubmits a revised draft as a new pending snapshot without replacing a publication | C38: 1. Load the source-defined test fixtures. 2. Run this check using the configured repository test runner. 3. Exercise: resubmits a revised draft as a new pending snapshot without replacing a publication 4. Verify the test's assertions and side effects. | D38: resubmits a revised draft as a new pending snapshot without replacing a publication. All declared source assertions and state checks satisfy the named behavior. | E38: Repository UI test fixtures; component/model mocks and test runner configured as in source. | F38: Passed | H38: Quốc Anh | O38: UI source: packages/ui/tests/knowledgePreviewModel.test.ts:70 Passed on 31 October 2026 in the local run of 387 tests (380 passed, 7 skipped, 0 failed) on feat/workspace-shell-polish at 045a7b5.
A39: AT-093 | B39: requires a receiving owner for every transfer and revision | C39: 1. Load the source-defined test fixtures. 2. Run this check using the configured repository test runner. 3. Exercise: requires a receiving owner for every transfer and revision 4. Verify the test's assertions and side effects. | D39: requires a receiving owner for every transfer and revision. All declared source assertions and state checks satisfy the named behavior. | E39: Repository UI test fixtures; component/model mocks and test runner configured as in source. | F39: Passed | H39: Quốc Anh | O39: UI source: packages/ui/tests/knowledgePreviewModel.test.ts:89 Passed on 31 October 2026 in the local run of 387 tests (380 passed, 7 skipped, 0 failed) on feat/workspace-shell-polish at 045a7b5.
A40: knowledgeStatus (2)
A41: AT-094 | B41: rejects non-PDF, empty and oversized local files before upload | C41: 1. Load the source-defined test fixtures. 2. Run this check using the configured repository test runner. 3. Exercise: rejects non-PDF, empty and oversized local files before upload 4. Verify the test's assertions and side effects. | D41: rejects non-PDF, empty and oversized local files before upload. Invalid or unauthorized behavior is blocked without a prohibited state change. | E41: Repository UI test fixtures; component/model mocks and test runner configured as in source. | F41: Passed | H41: Quốc Anh | O41: UI source: packages/ui/tests/knowledgeStatus.test.ts:20 Passed on 31 October 2026 in the local run of 387 tests (380 passed, 7 skipped, 0 failed) on feat/workspace-shell-polish at 045a7b5.
A42: AT-095 | B42: distinguishes a published snapshot from a later working version | C42: 1. Load the source-defined test fixtures. 2. Run this check using the configured repository test runner. 3. Exercise: distinguishes a published snapshot from a later working version 4. Verify the test's assertions and side effects. | D42: distinguishes a published snapshot from a later working version. All declared source assertions and state checks satisfy the named behavior. | E42: Repository UI test fixtures; component/model mocks and test runner configured as in source. | F42: Passed | H42: Quốc Anh | O42: UI source: packages/ui/tests/knowledgeStatus.test.ts:28 Passed on 31 October 2026 in the local run of 387 tests (380 passed, 7 skipped, 0 failed) on feat/workspace-shell-polish at 045a7b5.
A43: libraryDisplay (5)
A44: AT-096 | B44: derives the code from a leading title prefix and strips it | C44: 1. Load the source-defined test fixtures. 2. Run this check using the configured repository test runner. 3. Exercise: derives the code from a leading title prefix and strips it 4. Verify the test's assertions and side effects. | D44: derives the code from a leading title prefix and strips it. All declared source assertions and state checks satisfy the named behavior. | E44: Repository UI test fixtures; component/model mocks and test runner configured as in source. | F44: Passed | H44: Quốc Anh | O44: UI source: packages/ui/tests/libraryDisplay.test.ts:5 Passed on 31 October 2026 in the local run of 387 tests (380 passed, 7 skipped, 0 failed) on feat/workspace-shell-polish at 045a7b5.
A45: AT-097 | B45: prefers the stored document code and strips a matching prefix | C45: 1. Load the source-defined test fixtures. 2. Run this check using the configured repository test runner. 3. Exercise: prefers the stored document code and strips a matching prefix 4. Verify the test's assertions and side effects. | D45: prefers the stored document code and strips a matching prefix. All declared source assertions and state checks satisfy the named behavior. | E45: Repository UI test fixtures; component/model mocks and test runner configured as in source. | F45: Passed | H45: Quốc Anh | O45: UI source: packages/ui/tests/libraryDisplay.test.ts:10 Passed on 31 October 2026 in the local run of 387 tests (380 passed, 7 skipped, 0 failed) on feat/workspace-shell-polish at 045a7b5.
A46: AT-098 | B46: keeps a different prefix in the title when a stored code exists | C46: 1. Load the source-defined test fixtures. 2. Run this check using the configured repository test runner. 3. Exercise: keeps a different prefix in the title when a stored code exists 4. Verify the test's assertions and side effects. | D46: keeps a different prefix in the title when a stored code exists. The named invariant holds under the exercised input. | E46: Repository UI test fixtures; component/model mocks and test runner configured as in source. | F46: Passed | H46: Quốc Anh | O46: UI source: packages/ui/tests/libraryDisplay.test.ts:14 Passed on 31 October 2026 in the local run of 387 tests (380 passed, 7 skipped, 0 failed) on feat/workspace-shell-polish at 045a7b5.
A47: AT-099 | B47: renders no code when neither a code nor a prefix exists | C47: 1. Load the source-defined test fixtures. 2. Run this check using the configured repository test runner. 3. Exercise: renders no code when neither a code nor a prefix exists 4. Verify the test's assertions and side effects. | D47: renders no code when neither a code nor a prefix exists. Expected UI text, state and presentation appear in the test assertions. | E47: Repository UI test fixtures; component/model mocks and test runner configured as in source. | F47: Passed | H47: Quốc Anh | O47: UI source: packages/ui/tests/libraryDisplay.test.ts:18 Passed on 31 October 2026 in the local run of 387 tests (380 passed, 7 skipped, 0 failed) on feat/workspace-shell-polish at 045a7b5.
A48: AT-100 | B48: does not treat an ordinary hyphenated phrase as a code | C48: 1. Load the source-defined test fixtures. 2. Run this check using the configured repository test runner. 3. Exercise: does not treat an ordinary hyphenated phrase as a code 4. Verify the test's assertions and side effects. | D48: does not treat an ordinary hyphenated phrase as a code. The named invariant holds under the exercised input. | E48: Repository UI test fixtures; component/model mocks and test runner configured as in source. | F48: Passed | H48: Quốc Anh | O48: UI source: packages/ui/tests/libraryDisplay.test.ts:22 Passed on 31 October 2026 in the local run of 387 tests (380 passed, 7 skipped, 0 failed) on feat/workspace-shell-polish at 045a7b5.
A49: noteDraftModel (8)
A50: AT-101 | B50: keeps an unsaved draft when selecting another note and returning | C50: 1. Load the source-defined test fixtures. 2. Run this check using the configured repository test runner. 3. Exercise: keeps an unsaved draft when selecting another note and returning 4. Verify the test's assertions and side effects. | D50: keeps an unsaved draft when selecting another note and returning. The named invariant holds under the exercised input. | E50: Repository UI test fixtures; component/model mocks and test runner configured as in source. | F50: Passed | H50: Quốc Anh | O50: UI source: packages/ui/tests/noteDraftModel.test.ts:11 Passed on 31 October 2026 in the local run of 387 tests (380 passed, 7 skipped, 0 failed) on feat/workspace-shell-polish at 045a7b5.
A51: AT-102 | B51: saves only the selected note while preserving other drafts | C51: 1. Load the source-defined test fixtures. 2. Run this check using the configured repository test runner. 3. Exercise: saves only the selected note while preserving other drafts 4. Verify the test's assertions and side effects. | D51: saves only the selected note while preserving other drafts. All declared source assertions and state checks satisfy the named behavior. | E51: Repository UI test fixtures; component/model mocks and test runner configured as in source. | F51: Passed | H51: Quốc Anh | O51: UI source: packages/ui/tests/noteDraftModel.test.ts:22 Passed on 31 October 2026 in the local run of 387 tests (380 passed, 7 skipped, 0 failed) on feat/workspace-shell-polish at 045a7b5.
A52: AT-103 | B52: does not mark a reverted edit as dirty | C52: 1. Load the source-defined test fixtures. 2. Run this check using the configured repository test runner. 3. Exercise: does not mark a reverted edit as dirty 4. Verify the test's assertions and side effects. | D52: does not mark a reverted edit as dirty. The named invariant holds under the exercised input. | E52: Repository UI test fixtures; component/model mocks and test runner configured as in source. | F52: Passed | H52: Quốc Anh | O52: UI source: packages/ui/tests/noteDraftModel.test.ts:34 Passed on 31 October 2026 in the local run of 387 tests (380 passed, 7 skipped, 0 failed) on feat/workspace-shell-polish at 045a7b5.
A53: AT-104 | B53: creating and saving a new note preserves the previous unsaved note | C53: 1. Load the source-defined test fixtures. 2. Run this check using the configured repository test runner. 3. Exercise: creating and saving a new note preserves the previous unsaved note 4. Verify the test's assertions and side effects. | D53: creating and saving a new note preserves the previous unsaved note. All declared source assertions and state checks satisfy the named behavior. | E53: Repository UI test fixtures; component/model mocks and test runner configured as in source. | F53: Passed | H53: Quốc Anh | O53: UI source: packages/ui/tests/noteDraftModel.test.ts:41 Passed on 31 October 2026 in the local run of 387 tests (380 passed, 7 skipped, 0 failed) on feat/workspace-shell-polish at 045a7b5.
A54: AT-105 | B54: clears all drafts and saved preview changes when the session resets | C54: 1. Load the source-defined test fixtures. 2. Run this check using the configured repository test runner. 3. Exercise: clears all drafts and saved preview changes when the session resets 4. Verify the test's assertions and side effects. | D54: clears all drafts and saved preview changes when the session resets. All declared source assertions and state checks satisfy the named behavior. | E54: Repository UI test fixtures; component/model mocks and test runner configured as in source. | F54: Passed | H54: Quốc Anh | O54: UI source: packages/ui/tests/noteDraftModel.test.ts:52 Passed on 31 October 2026 in the local run of 387 tests (380 passed, 7 skipped, 0 failed) on feat/workspace-shell-polish at 045a7b5.
A55: AT-106 | B55: ignores missing selections and handles an empty workspace | C55: 1. Load the source-defined test fixtures. 2. Run this check using the configured repository test runner. 3. Exercise: ignores missing selections and handles an empty workspace 4. Verify the test's assertions and side effects. | D55: ignores missing selections and handles an empty workspace. All declared source assertions and state checks satisfy the named behavior. | E55: Repository UI test fixtures; component/model mocks and test runner configured as in source. | F55: Passed | H55: Quốc Anh | O55: UI source: packages/ui/tests/noteDraftModel.test.ts:63 Passed on 31 October 2026 in the local run of 387 tests (380 passed, 7 skipped, 0 failed) on feat/workspace-shell-polish at 045a7b5.
A56: AT-107 | B56: discards only the selected note's edits | C56: 1. Load the source-defined test fixtures. 2. Run this check using the configured repository test runner. 3. Exercise: discards only the selected note's edits 4. Verify the test's assertions and side effects. | D56: discards only the selected note's edits. All declared source assertions and state checks satisfy the named behavior. | E56: Repository UI test fixtures; component/model mocks and test runner configured as in source. | F56: Passed | H56: Quốc Anh | O56: UI source: packages/ui/tests/noteDraftModel.test.ts:71 Passed on 31 October 2026 in the local run of 387 tests (380 passed, 7 skipped, 0 failed) on feat/workspace-shell-polish at 045a7b5.
A57: AT-108 | B57: removes a never-saved local note without deleting saved notes or other drafts | C57: 1. Load the source-defined test fixtures. 2. Run this check using the configured repository test runner. 3. Exercise: removes a never-saved local note without deleting saved notes or other drafts 4. Verify the test's assertions and side effects. | D57: removes a never-saved local note without deleting saved notes or other drafts. All declared source assertions and state checks satisfy the named behavior. | E57: Repository UI test fixtures; component/model mocks and test runner configured as in source. | F57: Passed | H57: Quốc Anh | O57: UI source: packages/ui/tests/noteDraftModel.test.ts:82 Passed on 31 October 2026 in the local run of 387 tests (380 passed, 7 skipped, 0 failed) on feat/workspace-shell-polish at 045a7b5.
A58: pdfDocument (2)
A59: AT-109 | B59: changes the embedded viewer identity when the citation moves to another page | C59: 1. Load the source-defined test fixtures. 2. Run this check using the configured repository test runner. 3. Exercise: changes the embedded viewer identity when the citation moves to another page 4. Verify the test's assertions and side effects. | D59: changes the embedded viewer identity when the citation moves to another page. All declared source assertions and state checks satisfy the named behavior. | E59: Repository UI test fixtures; component/model mocks and test runner configured as in source. | F59: Passed | H59: Quốc Anh | O59: UI source: packages/ui/tests/pdfDocument.test.ts:5 Passed on 31 October 2026 in the local run of 387 tests (380 passed, 7 skipped, 0 failed) on feat/workspace-shell-polish at 045a7b5.
A60: AT-110 | B60: keeps a deterministic viewer identity for the first page and safe download names | C60: 1. Load the source-defined test fixtures. 2. Run this check using the configured repository test runner. 3. Exercise: keeps a deterministic viewer identity for the first page and safe download names 4. Verify the test's assertions and side effects. | D60: keeps a deterministic viewer identity for the first page and safe download names. The named invariant holds under the exercised input. | E60: Repository UI test fixtures; component/model mocks and test runner configured as in source. | F60: Passed | H60: Quốc Anh | O60: UI source: packages/ui/tests/pdfDocument.test.ts:13 Passed on 31 October 2026 in the local run of 387 tests (380 passed, 7 skipped, 0 failed) on feat/workspace-shell-polish at 045a7b5.
A61: previewModel (7)
A62: AT-111 | B62: starts with the valid four-department Figma sample | C62: 1. Load the source-defined test fixtures. 2. Run this check using the configured repository test runner. 3. Exercise: starts with the valid four-department Figma sample 4. Verify the test's assertions and side effects. | D62: starts with the valid four-department Figma sample. All declared source assertions and state checks satisfy the named behavior. | E62: Repository UI test fixtures; component/model mocks and test runner configured as in source. | F62: Passed | H62: Quốc Anh | O62: UI source: packages/ui/tests/previewModel.test.ts:5 Passed on 31 October 2026 in the local run of 387 tests (380 passed, 7 skipped, 0 failed) on feat/workspace-shell-polish at 045a7b5.
A63: AT-112 | B63: rejects duplicate departments and members without a department | C63: 1. Load the source-defined test fixtures. 2. Run this check using the configured repository test runner. 3. Exercise: rejects duplicate departments and members without a department 4. Verify the test's assertions and side effects. | D63: rejects duplicate departments and members without a department. Invalid or unauthorized behavior is blocked without a prohibited state change. | E63: Repository UI test fixtures; component/model mocks and test runner configured as in source. | F63: Passed | H63: Quốc Anh | O63: UI source: packages/ui/tests/previewModel.test.ts:11 Passed on 31 October 2026 in the local run of 387 tests (380 passed, 7 skipped, 0 failed) on feat/workspace-shell-polish at 045a7b5.
A64: AT-113 | B64: allows empty departments and pending members without premature assignments | C64: 1. Load the source-defined test fixtures. 2. Run this check using the configured repository test runner. 3. Exercise: allows empty departments and pending members without premature assignments 4. Verify the test's assertions and side effects. | D64: allows empty departments and pending members without premature assignments. The authorized operation behaves as asserted by the test. | E64: Repository UI test fixtures; component/model mocks and test runner configured as in source. | F64: Passed | H64: Quốc Anh | O64: UI source: packages/ui/tests/previewModel.test.ts:22 Passed on 31 October 2026 in the local run of 387 tests (380 passed, 7 skipped, 0 failed) on feat/workspace-shell-polish at 045a7b5.
A65: AT-114 | B65: rejects a duplicate member email regardless of case | C65: 1. Load the source-defined test fixtures. 2. Run this check using the configured repository test runner. 3. Exercise: rejects a duplicate member email regardless of case 4. Verify the test's assertions and side effects. | D65: rejects a duplicate member email regardless of case. Invalid or unauthorized behavior is blocked without a prohibited state change. | E65: Repository UI test fixtures; component/model mocks and test runner configured as in source. | F65: Passed | H65: Quốc Anh | O65: UI source: packages/ui/tests/previewModel.test.ts:29 Passed on 31 October 2026 in the local run of 387 tests (380 passed, 7 skipped, 0 failed) on feat/workspace-shell-polish at 045a7b5.
A66: AT-115 | B66: allows one department and requires a valid active admin | C66: 1. Load the source-defined test fixtures. 2. Run this check using the configured repository test runner. 3. Exercise: allows one department and requires a valid active admin 4. Verify the test's assertions and side effects. | D66: allows one department and requires a valid active admin. The authorized operation behaves as asserted by the test. | E66: Repository UI test fixtures; component/model mocks and test runner configured as in source. | F66: Passed | H66: Quốc Anh | O66: UI source: packages/ui/tests/previewModel.test.ts:36 Passed on 31 October 2026 in the local run of 387 tests (380 passed, 7 skipped, 0 failed) on feat/workspace-shell-polish at 045a7b5.
A67: AT-116 | B67: requires an explicit scope and does not count an unscoped admin | C67: 1. Load the source-defined test fixtures. 2. Run this check using the configured repository test runner. 3. Exercise: requires an explicit scope and does not count an unscoped admin 4. Verify the test's assertions and side effects. | D67: requires an explicit scope and does not count an unscoped admin. All declared source assertions and state checks satisfy the named behavior. | E67: Repository UI test fixtures; component/model mocks and test runner configured as in source. | F67: Passed | H67: Quốc Anh | O67: UI source: packages/ui/tests/previewModel.test.ts:46 Passed on 31 October 2026 in the local run of 387 tests (380 passed, 7 skipped, 0 failed) on feat/workspace-shell-polish at 045a7b5.
A68: AT-117 | B68: requires an organization name and valid member email | C68: 1. Load the source-defined test fixtures. 2. Run this check using the configured repository test runner. 3. Exercise: requires an organization name and valid member email 4. Verify the test's assertions and side effects. | D68: requires an organization name and valid member email. All declared source assertions and state checks satisfy the named behavior. | E68: Repository UI test fixtures; component/model mocks and test runner configured as in source. | F68: Passed | H68: Quốc Anh | O68: UI source: packages/ui/tests/previewModel.test.ts:55 Passed on 31 October 2026 in the local run of 387 tests (380 passed, 7 skipped, 0 failed) on feat/workspace-shell-polish at 045a7b5.
A69: privateNoteConflict (1)
A70: AT-118 | B70: preserves unsaved edits and gives effective recovery after a note version conflict | C70: 1. Load the source-defined test fixtures. 2. Run this check using the configured repository test runner. 3. Exercise: preserves unsaved edits and gives effective recovery after a note version conflict 4. Verify the test's assertions and side effects. | D70: preserves unsaved edits and gives effective recovery after a note version conflict. The named invariant holds under the exercised input. | E70: Repository UI test fixtures; component/model mocks and test runner configured as in source. | F70: Passed | H70: Quốc Anh | O70: UI source: packages/ui/tests/privateNoteConflict.test.ts:9 Passed on 31 October 2026 in the local run of 387 tests (380 passed, 7 skipped, 0 failed) on feat/workspace-shell-polish at 045a7b5.
A71: readerSelection (11)
A72: AT-119 | B72: offers only the responsible department's audience and groups that stay within it | C72: 1. Load the source-defined test fixtures. 2. Run this check using the configured repository test runner. 3. Exercise: offers only the responsible department's audience and groups that stay within it 4. Verify the test's assertions and side effects. | D72: offers only the responsible department's audience and groups that stay within it. All declared source assertions and state checks satisfy the named behavior. | E72: Repository UI test fixtures; component/model mocks and test runner configured as in source. | F72: Passed | H72: Quốc Anh | O72: UI source: packages/ui/tests/readerSelection.test.ts:14 Passed on 31 October 2026 in the local run of 387 tests (380 passed, 7 skipped, 0 failed) on feat/workspace-shell-polish at 045a7b5.
A73: AT-120 | B73: offers no department audience before a responsible department is chosen | C73: 1. Load the source-defined test fixtures. 2. Run this check using the configured repository test runner. 3. Exercise: offers no department audience before a responsible department is chosen 4. Verify the test's assertions and side effects. | D73: offers no department audience before a responsible department is chosen. All declared source assertions and state checks satisfy the named behavior. | E73: Repository UI test fixtures; component/model mocks and test runner configured as in source. | F73: Passed | H73: Quốc Anh | O73: UI source: packages/ui/tests/readerSelection.test.ts:21 Passed on 31 October 2026 in the local run of 387 tests (380 passed, 7 skipped, 0 failed) on feat/workspace-shell-polish at 045a7b5.
A74: AT-121 | B74: replaces the department audience when the organization audience is added, and the reverse | C74: 1. Load the source-defined test fixtures. 2. Run this check using the configured repository test runner. 3. Exercise: replaces the department audience when the organization audience is added, and the reverse 4. Verify the test's assertions and side effects. | D74: replaces the department audience when the organization audience is added, and the reverse. All declared source assertions and state checks satisfy the named behavior. | E74: Repository UI test fixtures; component/model mocks and test runner configured as in source. | F74: Passed | H74: Quốc Anh | O74: UI source: packages/ui/tests/readerSelection.test.ts:27 Passed on 31 October 2026 in the local run of 387 tests (380 passed, 7 skipped, 0 failed) on feat/workspace-shell-polish at 045a7b5.
A75: AT-122 | B75: does not duplicate a reader and removes one by id | C75: 1. Load the source-defined test fixtures. 2. Run this check using the configured repository test runner. 3. Exercise: does not duplicate a reader and removes one by id 4. Verify the test's assertions and side effects. | D75: does not duplicate a reader and removes one by id. The named invariant holds under the exercised input. | E75: Repository UI test fixtures; component/model mocks and test runner configured as in source. | F75: Passed | H75: Quốc Anh | O75: UI source: packages/ui/tests/readerSelection.test.ts:32 Passed on 31 October 2026 in the local run of 387 tests (380 passed, 7 skipped, 0 failed) on feat/workspace-shell-polish at 045a7b5.
A76: AT-123 | B76: follows the organization or department audience | C76: 1. Load the source-defined test fixtures. 2. Run this check using the configured repository test runner. 3. Exercise: follows the organization or department audience 4. Verify the test's assertions and side effects. | D76: follows the organization or department audience. All declared source assertions and state checks satisfy the named behavior. | E76: Repository UI test fixtures; component/model mocks and test runner configured as in source. | F76: Passed | H76: Quốc Anh | O76: UI source: packages/ui/tests/readerSelection.test.ts:39 Passed on 31 October 2026 in the local run of 387 tests (380 passed, 7 skipped, 0 failed) on feat/workspace-shell-polish at 045a7b5.
A77: AT-124 | B77: keeps the current scope for groups only, defaulting to Organization | C77: 1. Load the source-defined test fixtures. 2. Run this check using the configured repository test runner. 3. Exercise: keeps the current scope for groups only, defaulting to Organization 4. Verify the test's assertions and side effects. | D77: keeps the current scope for groups only, defaulting to Organization. The named invariant holds under the exercised input. | E77: Repository UI test fixtures; component/model mocks and test runner configured as in source. | F77: Passed | H77: Quốc Anh | O77: UI source: packages/ui/tests/readerSelection.test.ts:44 Passed on 31 October 2026 in the local run of 387 tests (380 passed, 7 skipped, 0 failed) on feat/workspace-shell-polish at 045a7b5.
A78: AT-125 | B78: always yields a selection the existing audience rules accept | C78: 1. Load the source-defined test fixtures. 2. Run this check using the configured repository test runner. 3. Exercise: always yields a selection the existing audience rules accept 4. Verify the test's assertions and side effects. | D78: always yields a selection the existing audience rules accept. All declared source assertions and state checks satisfy the named behavior. | E78: Repository UI test fixtures; component/model mocks and test runner configured as in source. | F78: Passed | H78: Quốc Anh | O78: UI source: packages/ui/tests/readerSelection.test.ts:50 Passed on 31 October 2026 in the local run of 387 tests (380 passed, 7 skipped, 0 failed) on feat/workspace-shell-polish at 045a7b5.
A79: AT-126 | B79: detects a groups-only selection | C79: 1. Load the source-defined test fixtures. 2. Run this check using the configured repository test runner. 3. Exercise: detects a groups-only selection 4. Verify the test's assertions and side effects. | D79: detects a groups-only selection. All declared source assertions and state checks satisfy the named behavior. | E79: Repository UI test fixtures; component/model mocks and test runner configured as in source. | F79: Passed | H79: Quốc Anh | O79: UI source: packages/ui/tests/readerSelection.test.ts:58 Passed on 31 October 2026 in the local run of 387 tests (380 passed, 7 skipped, 0 failed) on feat/workspace-shell-polish at 045a7b5.
A80: AT-127 | B80: uses the member primary department when the server reports one, ignoring the stored choice | C80: 1. Load the source-defined test fixtures. 2. Run this check using the configured repository test runner. 3. Exercise: uses the member primary department when the server reports one, ignoring the stored choice 4. Verify the test's assertions and side effects. | D80: uses the member primary department when the server reports one, ignoring the stored choice. All declared source assertions and state checks satisfy the named behavior. | E80: Repository UI test fixtures; component/model mocks and test runner configured as in source. | F80: Passed | H80: Quốc Anh | O80: UI source: packages/ui/tests/readerSelection.test.ts:66 Passed on 31 October 2026 in the local run of 387 tests (380 passed, 7 skipped, 0 failed) on feat/workspace-shell-polish at 045a7b5.
A81: AT-128 | B81: reports a missing primary department so submission stays blocked | C81: 1. Load the source-defined test fixtures. 2. Run this check using the configured repository test runner. 3. Exercise: reports a missing primary department so submission stays blocked 4. Verify the test's assertions and side effects. | D81: reports a missing primary department so submission stays blocked. The response or exposed contract matches the expected fixture and assertions. | E81: Repository UI test fixtures; component/model mocks and test runner configured as in source. | F81: Passed | H81: Quốc Anh | O81: UI source: packages/ui/tests/readerSelection.test.ts:70 Passed on 31 October 2026 in the local run of 387 tests (380 passed, 7 skipped, 0 failed) on feat/workspace-shell-polish at 045a7b5.
A82: AT-129 | B82: falls back to the stored choice for a server without the rule | C82: 1. Load the source-defined test fixtures. 2. Run this check using the configured repository test runner. 3. Exercise: falls back to the stored choice for a server without the rule 4. Verify the test's assertions and side effects. | D82: falls back to the stored choice for a server without the rule. All declared source assertions and state checks satisfy the named behavior. | E82: Repository UI test fixtures; component/model mocks and test runner configured as in source. | F82: Passed | H82: Quốc Anh | O82: UI source: packages/ui/tests/readerSelection.test.ts:74 Passed on 31 October 2026 in the local run of 387 tests (380 passed, 7 skipped, 0 failed) on feat/workspace-shell-polish at 045a7b5.
A83: workQueueModel (4)
A84: AT-130 | B84: keeps urgency order and includes the review item in the queue | C84: 1. Load the source-defined test fixtures. 2. Run this check using the configured repository test runner. 3. Exercise: keeps urgency order and includes the review item in the queue 4. Verify the test's assertions and side effects. | D84: keeps urgency order and includes the review item in the queue. The named invariant holds under the exercised input. | E84: Repository UI test fixtures; component/model mocks and test runner configured as in source. | F84: Passed | H84: Quốc Anh | O84: UI source: packages/ui/tests/workQueueModel.test.ts:5 Passed on 31 October 2026 in the local run of 387 tests (380 passed, 7 skipped, 0 failed) on feat/workspace-shell-polish at 045a7b5.
A85: AT-131 | B85: matches trimmed case-insensitive metadata | C85: 1. Load the source-defined test fixtures. 2. Run this check using the configured repository test runner. 3. Exercise: matches trimmed case-insensitive metadata 4. Verify the test's assertions and side effects. | D85: matches trimmed case-insensitive metadata. All declared source assertions and state checks satisfy the named behavior. | E85: Repository UI test fixtures; component/model mocks and test runner configured as in source. | F85: Passed | H85: Quốc Anh | O85: UI source: packages/ui/tests/workQueueModel.test.ts:8 Passed on 31 October 2026 in the local run of 387 tests (380 passed, 7 skipped, 0 failed) on feat/workspace-shell-polish at 045a7b5.
A86: AT-132 | B86: combines search, type and status without mutating the fixture | C86: 1. Load the source-defined test fixtures. 2. Run this check using the configured repository test runner. 3. Exercise: combines search, type and status without mutating the fixture 4. Verify the test's assertions and side effects. | D86: combines search, type and status without mutating the fixture. All declared source assertions and state checks satisfy the named behavior. | E86: Repository UI test fixtures; component/model mocks and test runner configured as in source. | F86: Passed | H86: Quốc Anh | O86: UI source: packages/ui/tests/workQueueModel.test.ts:11 Passed on 31 October 2026 in the local run of 387 tests (380 passed, 7 skipped, 0 failed) on feat/workspace-shell-polish at 045a7b5.
A87: AT-133 | B87: supports no-match and empty inputs | C87: 1. Load the source-defined test fixtures. 2. Run this check using the configured repository test runner. 3. Exercise: supports no-match and empty inputs 4. Verify the test's assertions and side effects. | D87: supports no-match and empty inputs. All declared source assertions and state checks satisfy the named behavior. | E87: Repository UI test fixtures; component/model mocks and test runner configured as in source. | F87: Passed | H87: Quốc Anh | O87: UI source: packages/ui/tests/workQueueModel.test.ts:16 Passed on 31 October 2026 in the local run of 387 tests (380 passed, 7 skipped, 0 failed) on feat/workspace-shell-polish at 045a7b5.

Sheet Feature 3
A2: Feature | B2: UI Workspace | R2: Passed
A3: Test requirement | B3: Workspace shell, application API client, cancellation, navigation and shared UI-contract checks. | R3: Failed
A4: Number of TCs | B4: =COUNTA($F$12:$F$998) -> 35 | R4: Pending
A5: Testing Round | B5: Passed | C5: Failed | D5: Pending | E5: Skipped | R5: Skipped
A6: Round 1 | B6: =COUNTIF($F$12:$F$998,B$5) -> 35 | C6: =COUNTIF($F$12:$F$998,C$5) -> 0 | D6: =COUNTIF($F$12:$F$998,D$5) -> 0 | E6: =COUNTIF($F$12:$F$998,E$5) -> 0
A7: Round 2 | B7: =COUNTIF($I$12:$I$998,B$5) -> 0 | C7: =COUNTIF($I$12:$I$998,C$5) -> 0 | D7: =COUNTIF($I$12:$I$998,D$5) -> 0 | E7: =COUNTIF($I$12:$I$998,E$5) -> 0
A8: Round 3 | B8: =COUNTIF($L$12:$L$998,B$5) -> 0 | C8: =COUNTIF($L$12:$L$998,C$5) -> 0 | D8: =COUNTIF($L$12:$L$998,D$5) -> 0 | E8: =COUNTIF($L$12:$L$998,E$5) -> 0
A10: Test Case ID | B10: Test Case Description | C10: Test Case Procedure | D10: Expected Results | E10: Pre-conditions | F10: Round 1 | G10: Test date | H10: Tester | I10: Round 2 | J10: Test date | K10: Tester | L10: Round 3 | M10: Test date | N10: Tester | O10: Note
A11: apiClient (20)
A12: AT-134 | B12: keeps a lost write response uncertain, without claiming the write failed | C12: 1. Load the source-defined test fixtures. 2. Run this check using the configured repository test runner. 3. Exercise: keeps a lost write response uncertain, without claiming the write failed 4. Verify the test's assertions and side effects. | D12: keeps a lost write response uncertain, without claiming the write failed. The named invariant holds under the exercised input. | E12: Repository UI test fixtures; component/model mocks and test runner configured as in source. | F12: Passed | H12: Quốc Anh | O12: UI source: packages/ui/tests/apiClient.test.ts:26 Passed on 31 October 2026 in the local run of 387 tests (380 passed, 7 skipped, 0 failed) on feat/workspace-shell-polish at 045a7b5.
A13: AT-135 | B13: shows readable document errors while retaining the machine code | C13: 1. Load the source-defined test fixtures. 2. Run this check using the configured repository test runner. 3. Exercise: shows readable document errors while retaining the machine code 4. Verify the test's assertions and side effects. | D13: shows readable document errors while retaining the machine code. Expected UI text, state and presentation appear in the test assertions. | E13: Repository UI test fixtures; component/model mocks and test runner configured as in source. | F13: Passed | H13: Quốc Anh | O13: UI source: packages/ui/tests/apiClient.test.ts:35 Passed on 31 October 2026 in the local run of 387 tests (380 passed, 7 skipped, 0 failed) on feat/workspace-shell-polish at 045a7b5.
A14: AT-136 | B14: uses Arden's sign-in endpoint and HttpOnly web cookies | C14: 1. Load the source-defined test fixtures. 2. Run this check using the configured repository test runner. 3. Exercise: uses Arden's sign-in endpoint and HttpOnly web cookies 4. Verify the test's assertions and side effects. | D14: uses Arden's sign-in endpoint and HttpOnly web cookies. All declared source assertions and state checks satisfy the named behavior. | E14: Repository UI test fixtures; component/model mocks and test runner configured as in source. | F14: Passed | H14: Quốc Anh | O14: UI source: packages/ui/tests/apiClient.test.ts:45 Passed on 31 October 2026 in the local run of 387 tests (380 passed, 7 skipped, 0 failed) on feat/workspace-shell-polish at 045a7b5.
A15: AT-137 | B15: normalizes sessions from an older remote API without account setup state | C15: 1. Load the source-defined test fixtures. 2. Run this check using the configured repository test runner. 3. Exercise: normalizes sessions from an older remote API without account setup state 4. Verify the test's assertions and side effects. | D15: normalizes sessions from an older remote API without account setup state. All declared source assertions and state checks satisfy the named behavior. | E15: Repository UI test fixtures; component/model mocks and test runner configured as in source. | F15: Passed | H15: Quốc Anh | O15: UI source: packages/ui/tests/apiClient.test.ts:59 Passed on 31 October 2026 in the local run of 387 tests (380 passed, 7 skipped, 0 failed) on feat/workspace-shell-polish at 045a7b5.
A16: AT-138 | B16: submits registration through the sign-up endpoint on web | C16: 1. Load the source-defined test fixtures. 2. Run this check using the configured repository test runner. 3. Exercise: submits registration through the sign-up endpoint on web 4. Verify the test's assertions and side effects. | D16: submits registration through the sign-up endpoint on web. All declared source assertions and state checks satisfy the named behavior. | E16: Repository UI test fixtures; component/model mocks and test runner configured as in source. | F16: Passed | H16: Quốc Anh | O16: UI source: packages/ui/tests/apiClient.test.ts:70 Passed on 31 October 2026 in the local run of 387 tests (380 passed, 7 skipped, 0 failed) on feat/workspace-shell-polish at 045a7b5.
A17: AT-139 | B17: fetches invitation preview with encoded token | C17: 1. Load the source-defined test fixtures. 2. Run this check using the configured repository test runner. 3. Exercise: fetches invitation preview with encoded token 4. Verify the test's assertions and side effects. | D17: fetches invitation preview with encoded token. All declared source assertions and state checks satisfy the named behavior. | E17: Repository UI test fixtures; component/model mocks and test runner configured as in source. | F17: Passed | H17: Quốc Anh | O17: UI source: packages/ui/tests/apiClient.test.ts:81 Passed on 31 October 2026 in the local run of 387 tests (380 passed, 7 skipped, 0 failed) on feat/workspace-shell-polish at 045a7b5.
A18: AT-140 | B18: deletes empty department through API client | C18: 1. Load the source-defined test fixtures. 2. Run this check using the configured repository test runner. 3. Exercise: deletes empty department through API client 4. Verify the test's assertions and side effects. | D18: deletes empty department through API client. All declared source assertions and state checks satisfy the named behavior. | E18: Repository UI test fixtures; component/model mocks and test runner configured as in source. | F18: Passed | H18: Quốc Anh | O18: UI source: packages/ui/tests/apiClient.test.ts:93 Passed on 31 October 2026 in the local run of 387 tests (380 passed, 7 skipped, 0 failed) on feat/workspace-shell-polish at 045a7b5.
A19: AT-141 | B19: submits registration through the desktop bridge | C19: 1. Load the source-defined test fixtures. 2. Run this check using the configured repository test runner. 3. Exercise: submits registration through the desktop bridge 4. Verify the test's assertions and side effects. | D19: submits registration through the desktop bridge. All declared source assertions and state checks satisfy the named behavior. | E19: Repository UI test fixtures; component/model mocks and test runner configured as in source. | F19: Passed | H19: Quốc Anh | O19: UI source: packages/ui/tests/apiClient.test.ts:105 Passed on 31 October 2026 in the local run of 387 tests (380 passed, 7 skipped, 0 failed) on feat/workspace-shell-polish at 045a7b5.
A20: AT-142 | B20: keeps desktop cookies inside the secure main-process bridge | C20: 1. Load the source-defined test fixtures. 2. Run this check using the configured repository test runner. 3. Exercise: keeps desktop cookies inside the secure main-process bridge 4. Verify the test's assertions and side effects. | D20: keeps desktop cookies inside the secure main-process bridge. The named invariant holds under the exercised input. | E20: Repository UI test fixtures; component/model mocks and test runner configured as in source. | F20: Passed | H20: Quốc Anh | O20: UI source: packages/ui/tests/apiClient.test.ts:115 Passed on 31 October 2026 in the local run of 387 tests (380 passed, 7 skipped, 0 failed) on feat/workspace-shell-polish at 045a7b5.
A21: AT-143 | B21: finishes desktop Google sign-in through the isolated main-process window | C21: 1. Load the source-defined test fixtures. 2. Run this check using the configured repository test runner. 3. Exercise: finishes desktop Google sign-in through the isolated main-process window 4. Verify the test's assertions and side effects. | D21: finishes desktop Google sign-in through the isolated main-process window. All declared source assertions and state checks satisfy the named behavior. | E21: Repository UI test fixtures; component/model mocks and test runner configured as in source. | F21: Passed | H21: Quốc Anh | O21: UI source: packages/ui/tests/apiClient.test.ts:130 Passed on 31 October 2026 in the local run of 387 tests (380 passed, 7 skipped, 0 failed) on feat/workspace-shell-polish at 045a7b5.
A22: AT-144 | B22: creates the initial Arden password and refreshes the account state | C22: 1. Load the source-defined test fixtures. 2. Run this check using the configured repository test runner. 3. Exercise: creates the initial Arden password and refreshes the account state 4. Verify the test's assertions and side effects. | D22: creates the initial Arden password and refreshes the account state. All declared source assertions and state checks satisfy the named behavior. | E22: Repository UI test fixtures; component/model mocks and test runner configured as in source. | F22: Passed | H22: Quốc Anh | O22: UI source: packages/ui/tests/apiClient.test.ts:139 Passed on 31 October 2026 in the local run of 387 tests (380 passed, 7 skipped, 0 failed) on feat/workspace-shell-polish at 045a7b5.
A23: AT-145 | B23: forwards update versions and clears encrypted desktop sessions after sign-out | C23: 1. Load the source-defined test fixtures. 2. Run this check using the configured repository test runner. 3. Exercise: forwards update versions and clears encrypted desktop sessions after sign-out 4. Verify the test's assertions and side effects. | D23: forwards update versions and clears encrypted desktop sessions after sign-out. All declared source assertions and state checks satisfy the named behavior. | E23: Repository UI test fixtures; component/model mocks and test runner configured as in source. | F23: Passed | H23: Quốc Anh | O23: UI source: packages/ui/tests/apiClient.test.ts:150 Passed on 31 October 2026 in the local run of 387 tests (380 passed, 7 skipped, 0 failed) on feat/workspace-shell-polish at 045a7b5.
... A31: AT-153 | B31: binds a decision to the exact submitted snapshot and hash | C31: 1. Load the source-defined test fixtures. 2. Run this check using the configured repository test runner. 3. Exercise: binds a decision to the exact submitted snapshot and hash 4. Verify the test's assertions and side effects. | D31: binds a decision to the exact submitted snapshot and hash. All declared source assertions and state checks satisfy the named behavior. | E31: Repository UI test fixtures; component/model mocks and test runner configured as in source. | F31: Passed | H31: Quốc Anh | O31: UI source: packages/ui/tests/apiClient.test.ts:266 Passed on 31 October 2026 in the local run of 387 tests (380 passed, 7 skipped, 0 failed) on feat/workspace-shell-polish at 045a7b5.
A32: cancellation (8)
A33: AT-154 | B33: clears an unsent chat prompt without calling the AI | C33: 1. Load the source-defined test fixtures. 2. Run this check using the configured repository test runner. 3. Exercise: clears an unsent chat prompt without calling the AI 4. Verify the test's assertions and side effects. | D33: clears an unsent chat prompt without calling the AI. All declared source assertions and state checks satisfy the named behavior. | E33: Repository UI test fixtures; component/model mocks and test runner configured as in source. | F33: Passed | H33: Quốc Anh | O33: UI source: packages/ui/tests/cancellation.test.ts:28 Passed on 31 October 2026 in the local run of 387 tests (380 passed, 7 skipped, 0 failed) on feat/workspace-shell-polish at 045a7b5.
A34: AT-155 | B34: stops waiting, restores the prompt and ignores a late answer without corrupting the next request | C34: 1. Load the source-defined test fixtures. 2. Run this check using the configured repository test runner. 3. Exercise: stops waiting, restores the prompt and ignores a late answer without corrupting the next request 4. Verify the test's assertions and side effects. | D34: stops waiting, restores the prompt and ignores a late answer without corrupting the next request. All declared source assertions and state checks satisfy the named behavior. | E34: Repository UI test fixtures; component/model mocks and test runner configured as in source. | F34: Passed | H34: Quốc Anh | O34: UI source: packages/ui/tests/cancellation.test.ts:37 Passed on 31 October 2026 in the local run of 387 tests (380 passed, 7 skipped, 0 failed) on feat/workspace-shell-polish at 045a7b5.
A35: AT-156 | B35: allows keeping or discarding selected note edits without a server write | C35: 1. Load the source-defined test fixtures. 2. Run this check using the configured repository test runner. 3. Exercise: allows keeping or discarding selected note edits without a server write 4. Verify the test's assertions and side effects. | D35: allows keeping or discarding selected note edits without a server write. The authorized operation behaves as asserted by the test. | E35: Repository UI test fixtures; component/model mocks and test runner configured as in source. | F35: Passed | H35: Quốc Anh | O35: UI source: packages/ui/tests/cancellation.test.ts:67 Passed on 31 October 2026 in the local run of 387 tests (380 passed, 7 skipped, 0 failed) on feat/workspace-shell-polish at 045a7b5.
A36: AT-157 | B36: removes a never-saved note locally and clears its dirty state | C36: 1. Load the source-defined test fixtures. 2. Run this check using the configured repository test runner. 3. Exercise: removes a never-saved note locally and clears its dirty state 4. Verify the test's assertions and side effects. | D36: removes a never-saved note locally and clears its dirty state. All declared source assertions and state checks satisfy the named behavior. | E36: Repository UI test fixtures; component/model mocks and test runner configured as in source. | F36: Passed | H36: Quốc Anh | O36: UI source: packages/ui/tests/cancellation.test.ts:87 Passed on 31 October 2026 in the local run of 387 tests (380 passed, 7 skipped, 0 failed) on feat/workspace-shell-polish at 045a7b5.
A37: AT-158 | B37: cancels a new reader group without saving or leaving its dirty guard active | C37: 1. Load the source-defined test fixtures. 2. Run this check using the configured repository test runner. 3. Exercise: cancels a new reader group without saving or leaving its dirty guard active 4. Verify the test's assertions and side effects. | D37: cancels a new reader group without saving or leaving its dirty guard active. All declared source assertions and state checks satisfy the named behavior. | E37: Repository UI test fixtures; component/model mocks and test runner configured as in source. | F37: Passed | H37: Quốc Anh | O37: UI source: packages/ui/tests/cancellation.test.ts:96 Passed on 31 October 2026 in the local run of 387 tests (380 passed, 7 skipped, 0 failed) on feat/workspace-shell-polish at 045a7b5.
A38: AT-159 | B38: returns focus to creating a note when the last unsaved note is discarded | C38: 1. Load the source-defined test fixtures. 2. Run this check using the configured repository test runner. 3. Exercise: returns focus to creating a note when the last unsaved note is discarded 4. Verify the test's assertions and side effects. | D38: returns focus to creating a note when the last unsaved note is discarded. The response or exposed contract matches the expected fixture and assertions. | E38: Repository UI test fixtures; component/model mocks and test runner configured as in source. | F38: Passed | H38: Quốc Anh | O38: UI source: packages/ui/tests/cancellation.test.ts:111 Passed on 31 October 2026 in the local run of 387 tests (380 passed, 7 skipped, 0 failed) on feat/workspace-shell-polish at 045a7b5.
A39: AT-160 | B39: returns focus to a reader-group row after closing or discarding its details | C39: 1. Load the source-defined test fixtures. 2. Run this check using the configured repository test runner. 3. Exercise: returns focus to a reader-group row after closing or discarding its details 4. Verify the test's assertions and side effects. | D39: returns focus to a reader-group row after closing or discarding its details. The response or exposed contract matches the expected fixture and assertions. | E39: Repository UI test fixtures; component/model mocks and test runner configured as in source. | F39: Passed | H39: Quốc Anh | O39: UI source: packages/ui/tests/cancellation.test.ts:127 Passed on 31 October 2026 in the local run of 387 tests (380 passed, 7 skipped, 0 failed) on feat/workspace-shell-polish at 045a7b5.
A40: AT-161 | B40: clears department, invitation and reviewer forms without changing saved data | C40: 1. Load the source-defined test fixtures. 2. Run this check using the configured repository test runner. 3. Exercise: clears department, invitation and reviewer forms without changing saved data 4. Verify the test's assertions and side effects. | D40: clears department, invitation and reviewer forms without changing saved data. All declared source assertions and state checks satisfy the named behavior. | E40: Repository UI test fixtures; component/model mocks and test runner configured as in source. | F40: Passed | H40: Quốc Anh | O40: UI source: packages/ui/tests/cancellation.test.ts:143 Passed on 31 October 2026 in the local run of 387 tests (380 passed, 7 skipped, 0 failed) on feat/workspace-shell-polish at 045a7b5.
A41: icons (2)
A42: AT-162 | B42: maps every icon to a glyph available in the pinned Regular Rounded family | C42: 1. Load the source-defined test fixtures. 2. Run this check using the configured repository test runner. 3. Exercise: maps every icon to a glyph available in the pinned Regular Rounded family 4. Verify the test's assertions and side effects. | D42: maps every icon to a glyph available in the pinned Regular Rounded family. All declared source assertions and state checks satisfy the named behavior. | E42: Repository UI test fixtures; component/model mocks and test runner configured as in source. | F42: Passed | H42: Quốc Anh | O42: UI source: packages/ui/tests/icons.test.ts:10 Passed on 31 October 2026 in the local run of 387 tests (380 passed, 7 skipped, 0 failed) on feat/workspace-shell-polish at 045a7b5.
A43: AT-163 | B43: keeps decorative icons out of the accessible name and preserves requested size | C43: 1. Load the source-defined test fixtures. 2. Run this check using the configured repository test runner. 3. Exercise: keeps decorative icons out of the accessible name and preserves requested size 4. Verify the test's assertions and side effects. | D43: keeps decorative icons out of the accessible name and preserves requested size. The named invariant holds under the exercised input. | E43: Repository UI test fixtures; component/model mocks and test runner configured as in source. | F43: Passed | H43: Quốc Anh | O43: UI source: packages/ui/tests/icons.test.ts:17 Passed on 31 October 2026 in the local run of 387 tests (380 passed, 7 skipped, 0 failed) on feat/workspace-shell-polish at 045a7b5.
A44: workspaceNavigation (5)
A45: AT-164 | B45: shows Ask Arden and governance destinations for admin | C45: 1. Load the source-defined test fixtures. 2. Run this check using the configured repository test runner. 3. Exercise: shows Ask Arden and governance destinations for admin 4. Verify the test's assertions and side effects. | D45: shows Ask Arden and governance destinations for admin. Expected UI text, state and presentation appear in the test assertions. | E45: Repository UI test fixtures; component/model mocks and test runner configured as in source. | F45: Passed | H45: Quốc Anh | O45: UI source: packages/ui/tests/workspaceNavigation.test.ts:5 Parameterized case: admin Passed on 31 October 2026 in the local run of 387 tests (380 passed, 7 skipped, 0 failed) on feat/workspace-shell-polish at 045a7b5.
A46: AT-165 | B46: shows Ask Arden and governance destinations for member | C46: 1. Load the source-defined test fixtures. 2. Run this check using the configured repository test runner. 3. Exercise: shows Ask Arden and governance destinations for member 4. Verify the test's assertions and side effects. | D46: shows Ask Arden and governance destinations for member. Expected UI text, state and presentation appear in the test assertions. | E46: Repository UI test fixtures; component/model mocks and test runner configured as in source. | F46: Passed | H46: Quốc Anh | O46: UI source: packages/ui/tests/workspaceNavigation.test.ts:5 Parameterized case: member Passed on 31 October 2026 in the local run of 387 tests (380 passed, 7 skipped, 0 failed) on feat/workspace-shell-polish at 045a7b5.
A47: AT-166 | B47: shows Administration only to organization admins | C47: 1. Load the source-defined test fixtures. 2. Run this check using the configured repository test runner. 3. Exercise: shows Administration only to organization admins 4. Verify the test's assertions and side effects. | D47: shows Administration only to organization admins. Expected UI text, state and presentation appear in the test assertions. | E47: Repository UI test fixtures; component/model mocks and test runner configured as in source. | F47: Passed | H47: Quốc Anh | O47: UI source: packages/ui/tests/workspaceNavigation.test.ts:19 Passed on 31 October 2026 in the local run of 387 tests (380 passed, 7 skipped, 0 failed) on feat/workspace-shell-polish at 045a7b5.
A48: AT-167 | B48: keeps only connected destinations enabled for signed-in sessions | C48: 1. Load the source-defined test fixtures. 2. Run this check using the configured repository test runner. 3. Exercise: keeps only connected destinations enabled for signed-in sessions 4. Verify the test's assertions and side effects. | D48: keeps only connected destinations enabled for signed-in sessions. The named invariant holds under the exercised input. | E48: Repository UI test fixtures; component/model mocks and test runner configured as in source. | F48: Passed | H48: Quốc Anh | O48: UI source: packages/ui/tests/workspaceNavigation.test.ts:28 Passed on 31 October 2026 in the local run of 387 tests (380 passed, 7 skipped, 0 failed) on feat/workspace-shell-polish at 045a7b5.
A49: AT-168 | B49: enables every sample destination except planned integrations | C49: 1. Load the source-defined test fixtures. 2. Run this check using the configured repository test runner. 3. Exercise: enables every sample destination except planned integrations 4. Verify the test's assertions and side effects. | D49: enables every sample destination except planned integrations. All declared source assertions and state checks satisfy the named behavior. | E49: Repository UI test fixtures; component/model mocks and test runner configured as in source. | F49: Passed | H49: Quốc Anh | O49: UI source: packages/ui/tests/workspaceNavigation.test.ts:34 Passed on 31 October 2026 in the local run of 387 tests (380 passed, 7 skipped, 0 failed) on feat/workspace-shell-polish at 045a7b5.

Sheet Feature 4
A2: Feature | B2: API Auth & App | R2: Passed
A3: Test requirement | B3: API application requests, authentication, local/dev identity constraints and SMTP behavior. | R3: Failed
A4: Number of TCs | B4: =COUNTA($F$12:$F$998) -> 74 | R4: Pending
A5: Testing Round | B5: Passed | C5: Failed | D5: Pending | E5: Skipped | R5: Skipped
A6: Round 1 | B6: =COUNTIF($F$12:$F$998,B$5) -> 73 | C6: =COUNTIF($F$12:$F$998,C$5) -> 0 | D6: =COUNTIF($F$12:$F$998,D$5) -> 0 | E6: =COUNTIF($F$12:$F$998,E$5) -> 1
A7: Round 2 | B7: =COUNTIF($I$12:$I$998,B$5) -> 0 | C7: =COUNTIF($I$12:$I$998,C$5) -> 0 | D7: =COUNTIF($I$12:$I$998,D$5) -> 0 | E7: =COUNTIF($I$12:$I$998,E$5) -> 0
A8: Round 3 | B8: =COUNTIF($L$12:$L$998,B$5) -> 0 | C8: =COUNTIF($L$12:$L$998,C$5) -> 0 | D8: =COUNTIF($L$12:$L$998,D$5) -> 0 | E8: =COUNTIF($L$12:$L$998,E$5) -> 0
A10: Test Case ID | B10: Test Case Description | C10: Test Case Procedure | D10: Expected Results | E10: Pre-conditions | F10: Round 1 | G10: Test date | H10: Tester | I10: Round 2 | J10: Test date | K10: Tester | L10: Round 3 | M10: Test date | N10: Tester | O10: Note
A11: app (45)
A12: AT-169 | B12: keeps health routes public and reports readiness failures safely | C12: 1. Load the source-defined test fixtures. 2. Run this check using the configured repository test runner. 3. Exercise: keeps health routes public and reports readiness failures safely 4. Verify the test's assertions and side effects. | D12: keeps health routes public and reports readiness failures safely. The named invariant holds under the exercised input. | E12: API source-test fixtures; fake sessions, repository or request dependencies as declared by this test. | F12: Passed | H12: Quốc Anh | O12: API source: apps/api/src/app.test.ts:76 Passed on 31 October 2026 in the local run of 387 tests (380 passed, 7 skipped, 0 failed) on feat/workspace-shell-polish at 045a7b5.
A13: AT-170 | B13: answers only from the caller's authorized generation and maps a live citation | C13: 1. Load the source-defined test fixtures. 2. Run this check using the configured repository test runner. 3. Exercise: answers only from the caller's authorized generation and maps a live citation 4. Verify the test's assertions and side effects. | D13: answers only from the caller's authorized generation and maps a live citation. All declared source assertions and state checks satisfy the named behavior. | E13: API source-test fixtures; fake sessions, repository or request dependencies as declared by this test. | F13: Passed | H13: Quốc Anh | O13: API source: apps/api/src/app.test.ts:94 Passed on 31 October 2026 in the local run of 387 tests (380 passed, 7 skipped, 0 failed) on feat/workspace-shell-polish at 045a7b5.
A14: AT-171 | B14: drops the answer when publication access changes before citations are returned | C14: 1. Load the source-defined test fixtures. 2. Run this check using the configured repository test runner. 3. Exercise: drops the answer when publication access changes before citations are returned 4. Verify the test's assertions and side effects. | D14: drops the answer when publication access changes before citations are returned. All declared source assertions and state checks satisfy the named behavior. | E14: API source-test fixtures; fake sessions, repository or request dependencies as declared by this test. | F14: Passed | H14: Quốc Anh | O14: API source: apps/api/src/app.test.ts:115 Passed on 31 October 2026 in the local run of 387 tests (380 passed, 7 skipped, 0 failed) on feat/workspace-shell-polish at 045a7b5.
A15: AT-172 | B15: rejects an AI citation with invented block even when snapshot permission is valid | C15: 1. Load the source-defined test fixtures. 2. Run this check using the configured repository test runner. 3. Exercise: rejects an AI citation with invented block even when snapshot permission is valid 4. Verify the test's assertions and side effects. | D15: rejects an AI citation with invented block even when snapshot permission is valid. Invalid or unauthorized behavior is blocked without a prohibited state change. | E15: API source-test fixtures; fake sessions, repository or request dependencies as declared by this test. | F15: Passed | H15: Quốc Anh | O15: API source: apps/api/src/app.test.ts:132 Parameterized case: invented block Passed on 31 October 2026 in the local run of 387 tests (380 passed, 7 skipped, 0 failed) on feat/workspace-shell-polish at 045a7b5.
A16: AT-173 | B16: rejects an AI citation with unlisted chunk even when snapshot permission is valid | C16: 1. Load the source-defined test fixtures. 2. Run this check using the configured repository test runner. 3. Exercise: rejects an AI citation with unlisted chunk even when snapshot permission is valid 4. Verify the test's assertions and side effects. | D16: rejects an AI citation with unlisted chunk even when snapshot permission is valid. Invalid or unauthorized behavior is blocked without a prohibited state change. | E16: API source-test fixtures; fake sessions, repository or request dependencies as declared by this test. | F16: Passed | H16: Quốc Anh | O16: API source: apps/api/src/app.test.ts:132 Parameterized case: unlisted chunk Passed on 31 October 2026 in the local run of 387 tests (380 passed, 7 skipped, 0 failed) on feat/workspace-shell-polish at 045a7b5.
A17: AT-174 | B17: rejects an AI citation with wrong parent section even when snapshot permission is valid | C17: 1. Load the source-defined test fixtures. 2. Run this check using the configured repository test runner. 3. Exercise: rejects an AI citation with wrong parent section even when snapshot permission is valid 4. Verify the test's assertions and side effects. | D17: rejects an AI citation with wrong parent section even when snapshot permission is valid. Invalid or unauthorized behavior is blocked without a prohibited state change. | E17: API source-test fixtures; fake sessions, repository or request dependencies as declared by this test. | F17: Passed | H17: Quốc Anh | O17: API source: apps/api/src/app.test.ts:132 Parameterized case: wrong parent section Passed on 31 October 2026 in the local run of 387 tests (380 passed, 7 skipped, 0 failed) on feat/workspace-shell-polish at 045a7b5.
A18: AT-175 | B18: rejects text exceeding semantic block or serialized-envelope limits [case 1: x\n] | C18: 1. Load the source-defined test fixtures. 2. Run this check using the configured repository test runner. 3. Exercise: rejects text exceeding semantic block or serialized-envelope limits [case 1: x\n] 4. Verify the test's assertions and side effects. | D18: rejects text exceeding semantic block or serialized-envelope limits [case 1: x\n]. Invalid or unauthorized behavior is blocked without a prohibited state change. | E18: API source-test fixtures; fake sessions, repository or request dependencies as declared by this test. | F18: Passed | H18: Quốc Anh | O18: API source: apps/api/src/app.test.ts:151 Parameterized case: x\n Passed on 31 October 2026 in the local run of 387 tests (380 passed, 7 skipped, 0 failed) on feat/workspace-shell-polish at 045a7b5.
A19: AT-176 | B19: rejects text exceeding semantic block or serialized-envelope limits [case 2: x\n] | C19: 1. Load the source-defined test fixtures. 2. Run this check using the configured repository test runner. 3. Exercise: rejects text exceeding semantic block or serialized-envelope limits [case 2: x\n] 4. Verify the test's assertions and side effects. | D19: rejects text exceeding semantic block or serialized-envelope limits [case 2: x\n]. Invalid or unauthorized behavior is blocked without a prohibited state change. | E19: API source-test fixtures; fake sessions, repository or request dependencies as declared by this test. | F19: Passed | H19: Quốc Anh | O19: API source: apps/api/src/app.test.ts:151 Parameterized case: x\n Passed on 31 October 2026 in the local run of 387 tests (380 passed, 7 skipped, 0 failed) on feat/workspace-shell-polish at 045a7b5.
A20: AT-177 | B20: signs in through the Supabase adapter and returns only the caller's membership context | C20: 1. Load the source-defined test fixtures. 2. Run this check using the configured repository test runner. 3. Exercise: signs in through the Supabase adapter and returns only the caller's membership context 4. Verify the test's assertions and side effects. | D20: signs in through the Supabase adapter and returns only the caller's membership context. All declared source assertions and state checks satisfy the named behavior. | E20: API source-test fixtures; fake sessions, repository or request dependencies as declared by this test. | F20: Passed | H20: Quốc Anh | O20: API source: apps/api/src/app.test.ts:163 Passed on 31 October 2026 in the local run of 387 tests (380 passed, 7 skipped, 0 failed) on feat/workspace-shell-polish at 045a7b5.
A21: AT-178 | B21: completes Google PKCE sign-in and requires a one-time Arden password | C21: 1. Load the source-defined test fixtures. 2. Run this check using the configured repository test runner. 3. Exercise: completes Google PKCE sign-in and requires a one-time Arden password 4. Verify the test's assertions and side effects. | D21: completes Google PKCE sign-in and requires a one-time Arden password. All declared source assertions and state checks satisfy the named behavior. | E21: API source-test fixtures; fake sessions, repository or request dependencies as declared by this test. | F21: Passed | H21: Quốc Anh | O21: API source: apps/api/src/app.test.ts:187 Passed on 31 October 2026 in the local run of 387 tests (380 passed, 7 skipped, 0 failed) on feat/workspace-shell-polish at 045a7b5.
A22: AT-179 | B22: handles sign-up validation and duplicate account rejection | C22: 1. Load the source-defined test fixtures. 2. Run this check using the configured repository test runner. 3. Exercise: handles sign-up validation and duplicate account rejection 4. Verify the test's assertions and side effects. | D22: handles sign-up validation and duplicate account rejection. The error or edge case follows the asserted safe handling path. | E22: API source-test fixtures; fake sessions, repository or request dependencies as declared by this test. | F22: Passed | H22: Quốc Anh | O22: API source: apps/api/src/app.test.ts:216 Passed on 31 October 2026 in the local run of 387 tests (380 passed, 7 skipped, 0 failed) on feat/workspace-shell-polish at 045a7b5.
A23: AT-180 | B23: handles forgot password requests, verification proxy, and password reset | C23: 1. Load the source-defined test fixtures. 2. Run this check using the configured repository test runner. 3. Exercise: handles forgot password requests, verification proxy, and password reset 4. Verify the test's assertions and side effects. | D23: handles forgot password requests, verification proxy, and password reset. The error or edge case follows the asserted safe handling path. | E23: API source-test fixtures; fake sessions, repository or request dependencies as declared by this test. | F23: Passed | H23: Quốc Anh | O23: API source: apps/api/src/app.test.ts:242 Passed on 31 October 2026 in the local run of 387 tests (380 passed, 7 skipped, 0 failed) on feat/workspace-shell-polish at 045a7b5.
... A56: AT-213 | B56: routes desktop-compatible sign-in through the same HttpOnly Supabase session | C56: 1. Load the source-defined test fixtures. 2. Run this check using the configured repository test runner. 3. Exercise: routes desktop-compatible sign-in through the same HttpOnly Supabase session 4. Verify the test's assertions and side effects. | D56: routes desktop-compatible sign-in through the same HttpOnly Supabase session. All declared source assertions and state checks satisfy the named behavior. | E56: API source-test fixtures; fake sessions, repository or request dependencies as declared by this test. | F56: Passed | H56: Quốc Anh | O56: API source: apps/api/src/app.test.ts:1033 Passed on 31 October 2026 in the local run of 387 tests (380 passed, 7 skipped, 0 failed) on feat/workspace-shell-polish at 045a7b5.
A57: local-flow1-test (14)
A58: AT-214 | B58: accepts only the explicit loopback disposable database and local API bind | C58: 1. Load the source-defined test fixtures. 2. Run this check using the configured repository test runner. 3. Exercise: accepts only the explicit loopback disposable database and local API bind 4. Verify the test's assertions and side effects. | D58: accepts only the explicit loopback disposable database and local API bind. The authorized operation behaves as asserted by the test. | E58: API source-test fixtures; fake sessions, repository or request dependencies as declared by this test. | F58: Passed | H58: Quốc Anh | O58: API source: apps/api/src/auth/local-flow1-test.test.ts:15 Passed on 31 October 2026 in the local run of 387 tests (380 passed, 7 skipped, 0 failed) on feat/workspace-shell-polish at 045a7b5.
A59: AT-215 | B59: rejects configured Supabase | C59: 1. Load the source-defined test fixtures. 2. Run this check using the configured repository test runner. 3. Exercise: rejects configured Supabase 4. Verify the test's assertions and side effects. | D59: rejects configured Supabase. Invalid or unauthorized behavior is blocked without a prohibited state change. | E59: API source-test fixtures; fake sessions, repository or request dependencies as declared by this test. | F59: Passed | H59: Quốc Anh | O59: API source: apps/api/src/auth/local-flow1-test.test.ts:21 Parameterized case: configured Supabase Passed on 31 October 2026 in the local run of 387 tests (380 passed, 7 skipped, 0 failed) on feat/workspace-shell-polish at 045a7b5.
A60: AT-216 | B60: rejects Coolify database | C60: 1. Load the source-defined test fixtures. 2. Run this check using the configured repository test runner. 3. Exercise: rejects Coolify database 4. Verify the test's assertions and side effects. | D60: rejects Coolify database. Invalid or unauthorized behavior is blocked without a prohibited state change. | E60: API source-test fixtures; fake sessions, repository or request dependencies as declared by this test. | F60: Passed | H60: Quốc Anh | O60: API source: apps/api/src/auth/local-flow1-test.test.ts:21 Parameterized case: Coolify database Passed on 31 October 2026 in the local run of 387 tests (380 passed, 7 skipped, 0 failed) on feat/workspace-shell-polish at 045a7b5.
A61: AT-217 | B61: rejects local development database | C61: 1. Load the source-defined test fixtures. 2. Run this check using the configured repository test runner. 3. Exercise: rejects local development database 4. Verify the test's assertions and side effects. | D61: rejects local development database. Invalid or unauthorized behavior is blocked without a prohibited state change. | E61: API source-test fixtures; fake sessions, repository or request dependencies as declared by this test. | F61: Passed | H61: Quốc Anh | O61: API source: apps/api/src/auth/local-flow1-test.test.ts:21 Parameterized case: local development database Passed on 31 October 2026 in the local run of 387 tests (380 passed, 7 skipped, 0 failed) on feat/workspace-shell-polish at 045a7b5.
A62: AT-218 | B62: rejects network API bind | C62: 1. Load the source-defined test fixtures. 2. Run this check using the configured repository test runner. 3. Exercise: rejects network API bind 4. Verify the test's assertions and side effects. | D62: rejects network API bind. Invalid or unauthorized behavior is blocked without a prohibited state change. | E62: API source-test fixtures; fake sessions, repository or request dependencies as declared by this test. | F62: Passed | H62: Quốc Anh | O62: API source: apps/api/src/auth/local-flow1-test.test.ts:21 Parameterized case: network API bind Passed on 31 October 2026 in the local run of 387 tests (380 passed, 7 skipped, 0 failed) on feat/workspace-shell-polish at 045a7b5.
A63: AT-219 | B63: rejects production mode | C63: 1. Load the source-defined test fixtures. 2. Run this check using the configured repository test runner. 3. Exercise: rejects production mode 4. Verify the test's assertions and side effects. | D63: rejects production mode. Invalid or unauthorized behavior is blocked without a prohibited state change. | E63: API source-test fixtures; fake sessions, repository or request dependencies as declared by this test. | F63: Passed | H63: Quốc Anh | O63: API source: apps/api/src/auth/local-flow1-test.test.ts:21 Parameterized case: production mode Passed on 31 October 2026 in the local run of 387 tests (380 passed, 7 skipped, 0 failed) on feat/workspace-shell-polish at 045a7b5.
A64: AT-220 | B64: accepts only bounded synthetic example.test accounts with strong local passwords | C64: 1. Load the source-defined test fixtures. 2. Run this check using the configured repository test runner. 3. Exercise: accepts only bounded synthetic example.test accounts with strong local passwords 4. Verify the test's assertions and side effects. | D64: accepts only bounded synthetic example.test accounts with strong local passwords. The authorized operation behaves as asserted by the test. | E64: API source-test fixtures; fake sessions, repository or request dependencies as declared by this test. | F64: Passed | H64: Quốc Anh | O64: API source: apps/api/src/auth/local-flow1-test.test.ts:33 Passed on 31 October 2026 in the local run of 387 tests (380 passed, 7 skipped, 0 failed) on feat/workspace-shell-polish at 045a7b5.
A65: AT-221 | B65: issues revocable in-memory sessions only for configured test accounts | C65: 1. Load the source-defined test fixtures. 2. Run this check using the configured repository test runner. 3. Exercise: issues revocable in-memory sessions only for configured test accounts 4. Verify the test's assertions and side effects. | D65: issues revocable in-memory sessions only for configured test accounts. All declared source assertions and state checks satisfy the named behavior. | E65: API source-test fixtures; fake sessions, repository or request dependencies as declared by this test. | F65: Passed | H65: Quốc Anh | O65: API source: apps/api/src/auth/local-flow1-test.test.ts:44 Passed on 31 October 2026 in the local run of 387 tests (380 passed, 7 skipped, 0 failed) on feat/workspace-shell-polish at 045a7b5.
A66: AT-222 | B66: recognizes only the dedicated Kiet Local development database without Supabase | C66: 1. Load the source-defined test fixtures. 2. Run this check using the configured repository test runner. 3. Exercise: recognizes only the dedicated Kiet Local development database without Supabase 4. Verify the test's assertions and side effects. | D66: recognizes only the dedicated Kiet Local development database without Supabase. All declared source assertions and state checks satisfy the named behavior. | E66: API source-test fixtures; fake sessions, repository or request dependencies as declared by this test. | F66: Passed | H66: Quốc Anh | O66: API source: apps/api/src/auth/local-flow1-test.test.ts:59 Passed on 31 October 2026 in the local run of 387 tests (380 passed, 7 skipped, 0 failed) on feat/workspace-shell-polish at 045a7b5.
A67: AT-223 | B67: does not enable the mock actor for non-development runtime | C67: 1. Load the source-defined test fixtures. 2. Run this check using the configured repository test runner. 3. Exercise: does not enable the mock actor for non-development runtime 4. Verify the test's assertions and side effects. | D67: does not enable the mock actor for non-development runtime. The named invariant holds under the exercised input. | E67: API source-test fixtures; fake sessions, repository or request dependencies as declared by this test. | F67: Passed | H67: Quốc Anh | O67: API source: apps/api/src/auth/local-flow1-test.test.ts:64 Parameterized case: non-development runtime Passed on 31 October 2026 in the local run of 387 tests (380 passed, 7 skipped, 0 failed) on feat/workspace-shell-polish at 045a7b5.
A68: AT-224 | B68: does not enable the mock actor for production | C68: 1. Load the source-defined test fixtures. 2. Run this check using the configured repository test runner. 3. Exercise: does not enable the mock actor for production 4. Verify the test's assertions and side effects. | D68: does not enable the mock actor for production. The named invariant holds under the exercised input. | E68: API source-test fixtures; fake sessions, repository or request dependencies as declared by this test. | F68: Passed | H68: Quốc Anh | O68: API source: apps/api/src/auth/local-flow1-test.test.ts:64 Parameterized case: production Passed on 31 October 2026 in the local run of 387 tests (380 passed, 7 skipped, 0 failed) on feat/workspace-shell-polish at 045a7b5.
A69: AT-225 | B69: does not enable the mock actor for Supabase enabled | C69: 1. Load the source-defined test fixtures. 2. Run this check using the configured repository test runner. 3. Exercise: does not enable the mock actor for Supabase enabled 4. Verify the test's assertions and side effects. | D69: does not enable the mock actor for Supabase enabled. The named invariant holds under the exercised input. | E69: API source-test fixtures; fake sessions, repository or request dependencies as declared by this test. | F69: Passed | H69: Quốc Anh | O69: API source: apps/api/src/auth/local-flow1-test.test.ts:64 Parameterized case: Supabase enabled Passed on 31 October 2026 in the local run of 387 tests (380 passed, 7 skipped, 0 failed) on feat/workspace-shell-polish at 045a7b5.
... A71: AT-227 | B71: does not enable the mock actor for wrong database name | C71: 1. Load the source-defined test fixtures. 2. Run this check using the configured repository test runner. 3. Exercise: does not enable the mock actor for wrong database name 4. Verify the test's assertions and side effects. | D71: does not enable the mock actor for wrong database name. The named invariant holds under the exercised input. | E71: API source-test fixtures; fake sessions, repository or request dependencies as declared by this test. | F71: Passed | H71: Quốc Anh | O71: API source: apps/api/src/auth/local-flow1-test.test.ts:64 Parameterized case: wrong database name Passed on 31 October 2026 in the local run of 387 tests (380 passed, 7 skipped, 0 failed) on feat/workspace-shell-polish at 045a7b5.
A72: provider (integration) (1)
A73: AT-228 | B73: authenticates the synthetic user and rejects the session after sign-out | C73: 1. Load the source-defined test fixtures. 2. Run this check using the configured repository test runner. 3. Exercise: authenticates the synthetic user and rejects the session after sign-out 4. Verify the test's assertions and side effects. | D73: authenticates the synthetic user and rejects the session after sign-out. The authorized operation behaves as asserted by the test. | E73: Live Supabase test account; ARDEN_TEST_SUPABASE_URL, ARDEN_TEST_SUPABASE_PUBLISHABLE_KEY, ARDEN_TEST_SUPABASE_EMAIL, ARDEN_TEST_SUPABASE_PASSWORD. | F73: Skipped | O73: API source: apps/api/src/auth/provider.integration.test.ts:11 Skipped in the same 31 October 2026 run of 387 tests. The live Supabase auth variables were unset, so this check did not run. Not a failure.
A74: provider (8)
A75: AT-229 | B75: blocks production Google sign-in when the public Auth origin is missing | C75: 1. Load the source-defined test fixtures. 2. Run this check using the configured repository test runner. 3. Exercise: blocks production Google sign-in when the public Auth origin is missing 4. Verify the test's assertions and side effects. | D75: blocks production Google sign-in when the public Auth origin is missing. Invalid or unauthorized behavior is blocked without a prohibited state change. | E75: API source-test fixtures; fake sessions, repository or request dependencies as declared by this test. | F75: Passed | H75: Quốc Anh | O75: API source: apps/api/src/auth/provider.test.ts:14 Passed on 31 October 2026 in the local run of 387 tests (380 passed, 7 skipped, 0 failed) on feat/workspace-shell-polish at 045a7b5.
A76: AT-230 | B76: starts Google sign-in on the public Auth host with the exact Arden callback | C76: 1. Load the source-defined test fixtures. 2. Run this check using the configured repository test runner. 3. Exercise: starts Google sign-in on the public Auth host with the exact Arden callback 4. Verify the test's assertions and side effects. | D76: starts Google sign-in on the public Auth host with the exact Arden callback. All declared source assertions and state checks satisfy the named behavior. | E76: API source-test fixtures; fake sessions, repository or request dependencies as declared by this test. | F76: Passed | H76: Quốc Anh | O76: API source: apps/api/src/auth/provider.test.ts:30 Passed on 31 October 2026 in the local run of 387 tests (380 passed, 7 skipped, 0 failed) on feat/workspace-shell-polish at 045a7b5.
A77: AT-231 | B77: keeps PKCE code exchange on the private Auth gateway | C77: 1. Load the source-defined test fixtures. 2. Run this check using the configured repository test runner. 3. Exercise: keeps PKCE code exchange on the private Auth gateway 4. Verify the test's assertions and side effects. | D77: keeps PKCE code exchange on the private Auth gateway. The named invariant holds under the exercised input. | E77: API source-test fixtures; fake sessions, repository or request dependencies as declared by this test. | F77: Passed | H77: Quốc Anh | O77: API source: apps/api/src/auth/provider.test.ts:49 Passed on 31 October 2026 in the local run of 387 tests (380 passed, 7 skipped, 0 failed) on feat/workspace-shell-polish at 045a7b5.
A78: AT-232 | B78: rejects an unsafe public Auth URL: http://auth.example.test | C78: 1. Load the source-defined test fixtures. 2. Run this check using the configured repository test runner. 3. Exercise: rejects an unsafe public Auth URL: http://auth.example.test 4. Verify the test's assertions and side effects. | D78: rejects an unsafe public Auth URL: http://auth.example.test. Invalid or unauthorized behavior is blocked without a prohibited state change. | E78: API source-test fixtures; fake sessions, repository or request dependencies as declared by this test. | F78: Passed | H78: Quốc Anh | O78: API source: apps/api/src/auth/provider.test.ts:73 Parameterized case: http://auth.example.test Passed on 31 October 2026 in the local run of 387 tests (380 passed, 7 skipped, 0 failed) on feat/workspace-shell-polish at 045a7b5.
A79: AT-233 | B79: rejects an unsafe public Auth URL: https://auth.example.test?query=1 | C79: 1. Load the source-defined test fixtures. 2. Run this check using the configured repository test runner. 3. Exercise: rejects an unsafe public Auth URL: https://auth.example.test?query=1 4. Verify the test's assertions and side effects. | D79: rejects an unsafe public Auth URL: https://auth.example.test?query=1. Invalid or unauthorized behavior is blocked without a prohibited state change. | E79: API source-test fixtures; fake sessions, repository or request dependencies as declared by this test. | F79: Passed | H79: Quốc Anh | O79: API source: apps/api/src/auth/provider.test.ts:73 Parameterized case: https://auth.example.test?query=1 Passed on 31 October 2026 in the local run of 387 tests (380 passed, 7 skipped, 0 failed) on feat/workspace-shell-polish at 045a7b5.
A80: AT-234 | B80: rejects an unsafe public Auth URL: https://auth.example.test/path | C80: 1. Load the source-defined test fixtures. 2. Run this check using the configured repository test runner. 3. Exercise: rejects an unsafe public Auth URL: https://auth.example.test/path 4. Verify the test's assertions and side effects. | D80: rejects an unsafe public Auth URL: https://auth.example.test/path. Invalid or unauthorized behavior is blocked without a prohibited state change. | E80: API source-test fixtures; fake sessions, repository or request dependencies as declared by this test. | F80: Passed | H80: Quốc Anh | O80: API source: apps/api/src/auth/provider.test.ts:73 Parameterized case: https://auth.example.test/path Passed on 31 October 2026 in the local run of 387 tests (380 passed, 7 skipped, 0 failed) on feat/workspace-shell-polish at 045a7b5.
A81: AT-235 | B81: rejects an unsafe public Auth URL: https://auth.example.test#fragment | C81: 1. Load the source-defined test fixtures. 2. Run this check using the configured repository test runner. 3. Exercise: rejects an unsafe public Auth URL: https://auth.example.test#fragment 4. Verify the test's assertions and side effects. | D81: rejects an unsafe public Auth URL: https://auth.example.test#fragment. Invalid or unauthorized behavior is blocked without a prohibited state change. | E81: API source-test fixtures; fake sessions, repository or request dependencies as declared by this test. | F81: Passed | H81: Quốc Anh | O81: API source: apps/api/src/auth/provider.test.ts:73 Parameterized case: https://auth.example.test#fragment Passed on 31 October 2026 in the local run of 387 tests (380 passed, 7 skipped, 0 failed) on feat/workspace-shell-polish at 045a7b5.
A82: AT-236 | B82: rejects an unsafe public Auth URL: https://user:pass@auth.example.test | C82: 1. Load the source-defined test fixtures. 2. Run this check using the configured repository test runner. 3. Exercise: rejects an unsafe public Auth URL: https://user:pass@auth.example.test 4. Verify the test's assertions and side effects. | D82: rejects an unsafe public Auth URL: https://user:pass@auth.example.test. Invalid or unauthorized behavior is blocked without a prohibited state change. | E82: API source-test fixtures; fake sessions, repository or request dependencies as declared by this test. | F82: Passed | H82: Quốc Anh | O82: API source: apps/api/src/auth/provider.test.ts:73 Parameterized case: https://user:pass@auth.example.test Passed on 31 October 2026 in the local run of 387 tests (380 passed, 7 skipped, 0 failed) on feat/workspace-shell-polish at 045a7b5.
A83: smtp-mailer (6)
A84: AT-237 | B84: does not configure invitation delivery when all SMTP settings are empty | C84: 1. Load the source-defined test fixtures. 2. Run this check using the configured repository test runner. 3. Exercise: does not configure invitation delivery when all SMTP settings are empty 4. Verify the test's assertions and side effects. | D84: does not configure invitation delivery when all SMTP settings are empty. The named invariant holds under the exercised input. | E84: API source-test fixtures; fake sessions, repository or request dependencies as declared by this test. | F84: Passed | H84: Quốc Anh | O84: API source: apps/api/src/email/smtp-mailer.test.ts:9 Passed on 31 October 2026 in the local run of 387 tests (380 passed, 7 skipped, 0 failed) on feat/workspace-shell-polish at 045a7b5.
A85: AT-238 | B85: rejects incomplete SMTP settings so a deployment cannot silently send without its configured credentials | C85: 1. Load the source-defined test fixtures. 2. Run this check using the configured repository test runner. 3. Exercise: rejects incomplete SMTP settings so a deployment cannot silently send without its configured credentials 4. Verify the test's assertions and side effects. | D85: rejects incomplete SMTP settings so a deployment cannot silently send without its configured credentials. Invalid or unauthorized behavior is blocked without a prohibited state change. | E85: API source-test fixtures; fake sessions, repository or request dependencies as declared by this test. | F85: Passed | H85: Quốc Anh | O85: API source: apps/api/src/email/smtp-mailer.test.ts:13 Passed on 31 October 2026 in the local run of 387 tests (380 passed, 7 skipped, 0 failed) on feat/workspace-shell-polish at 045a7b5.
A86: AT-239 | B86: validates the port and transport security flag without exposing the password | C86: 1. Load the source-defined test fixtures. 2. Run this check using the configured repository test runner. 3. Exercise: validates the port and transport security flag without exposing the password 4. Verify the test's assertions and side effects. | D86: validates the port and transport security flag without exposing the password. All declared source assertions and state checks satisfy the named behavior. | E86: API source-test fixtures; fake sessions, repository or request dependencies as declared by this test. | F86: Passed | H86: Quốc Anh | O86: API source: apps/api/src/email/smtp-mailer.test.ts:17 Passed on 31 October 2026 in the local run of 387 tests (380 passed, 7 skipped, 0 failed) on feat/workspace-shell-polish at 045a7b5.
A87: AT-240 | B87: requires TLS for STARTTLS SMTP and bounds connection timeouts | C87: 1. Load the source-defined test fixtures. 2. Run this check using the configured repository test runner. 3. Exercise: requires TLS for STARTTLS SMTP and bounds connection timeouts 4. Verify the test's assertions and side effects. | D87: requires TLS for STARTTLS SMTP and bounds connection timeouts. All declared source assertions and state checks satisfy the named behavior. | E87: API source-test fixtures; fake sessions, repository or request dependencies as declared by this test. | F87: Passed | H87: Quốc Anh | O87: API source: apps/api/src/email/smtp-mailer.test.ts:32 Passed on 31 October 2026 in the local run of 387 tests (380 passed, 7 skipped, 0 failed) on feat/workspace-shell-polish at 045a7b5.
A88: AT-241 | B88: uses implicit TLS without STARTTLS negotiation when configured for port 465 | C88: 1. Load the source-defined test fixtures. 2. Run this check using the configured repository test runner. 3. Exercise: uses implicit TLS without STARTTLS negotiation when configured for port 465 4. Verify the test's assertions and side effects. | D88: uses implicit TLS without STARTTLS negotiation when configured for port 465. All declared source assertions and state checks satisfy the named behavior. | E88: API source-test fixtures; fake sessions, repository or request dependencies as declared by this test. | F88: Passed | H88: Quốc Anh | O88: API source: apps/api/src/email/smtp-mailer.test.ts:50 Passed on 31 October 2026 in the local run of 387 tests (380 passed, 7 skipped, 0 failed) on feat/workspace-shell-polish at 045a7b5.
A89: AT-242 | B89: sends both text and embedded professional HTML when dispatching an invitation | C89: 1. Load the source-defined test fixtures. 2. Run this check using the configured repository test runner. 3. Exercise: sends both text and embedded professional HTML when dispatching an invitation 4. Verify the test's assertions and side effects. | D89: sends both text and embedded professional HTML when dispatching an invitation. All declared source assertions and state checks satisfy the named behavior. | E89: API source-test fixtures; fake sessions, repository or request dependencies as declared by this test. | F89: Passed | H89: Quốc Anh | O89: API source: apps/api/src/email/smtp-mailer.test.ts:66 Passed on 31 October 2026 in the local run of 387 tests (380 passed, 7 skipped, 0 failed) on feat/workspace-shell-polish at 045a7b5.

Sheet Feature 5
A2: Feature | B2: API Knowledge | R2: Passed
A3: Test requirement | B3: Knowledge policy, review decisions/queues, evidence contracts and source citations. | R3: Failed
A4: Number of TCs | B4: =COUNTA($F$12:$F$998) -> 36 | R4: Pending
A5: Testing Round | B5: Passed | C5: Failed | D5: Pending | E5: Skipped | R5: Skipped
A6: Round 1 | B6: =COUNTIF($F$12:$F$998,B$5) -> 36 | C6: =COUNTIF($F$12:$F$998,C$5) -> 0 | D6: =COUNTIF($F$12:$F$998,D$5) -> 0 | E6: =COUNTIF($F$12:$F$998,E$5) -> 0
A7: Round 2 | B7: =COUNTIF($I$12:$I$998,B$5) -> 0 | C7: =COUNTIF($I$12:$I$998,C$5) -> 0 | D7: =COUNTIF($I$12:$I$998,D$5) -> 0 | E7: =COUNTIF($I$12:$I$998,E$5) -> 0
A8: Round 3 | B8: =COUNTIF($L$12:$L$998,B$5) -> 0 | C8: =COUNTIF($L$12:$L$998,C$5) -> 0 | D8: =COUNTIF($L$12:$L$998,D$5) -> 0 | E8: =COUNTIF($L$12:$L$998,E$5) -> 0
A10: Test Case ID | B10: Test Case Description | C10: Test Case Procedure | D10: Expected Results | E10: Pre-conditions | F10: Round 1 | G10: Test date | H10: Tester | I10: Round 2 | J10: Test date | K10: Tester | L10: Round 3 | M10: Test date | N10: Tester | O10: Note
A11: citation-page (2)
A12: AT-243 | B12: reads the PDF page from a source block | C12: 1. Load the source-defined test fixtures. 2. Run this check using the configured repository test runner. 3. Exercise: reads the PDF page from a source block 4. Verify the test's assertions and side effects. | D12: reads the PDF page from a source block. All declared source assertions and state checks satisfy the named behavior. | E12: API source-test fixtures; fake sessions, repository or request dependencies as declared by this test. | F12: Passed | H12: Quốc Anh | O12: API source: apps/api/src/answers/citation-page.test.ts:5 Passed on 31 October 2026 in the local run of 387 tests (380 passed, 7 skipped, 0 failed) on feat/workspace-shell-polish at 045a7b5.
A13: AT-244 | B13: falls back to the parent section and ignores non-PDF blocks | C13: 1. Load the source-defined test fixtures. 2. Run this check using the configured repository test runner. 3. Exercise: falls back to the parent section and ignores non-PDF blocks 4. Verify the test's assertions and side effects. | D13: falls back to the parent section and ignores non-PDF blocks. All declared source assertions and state checks satisfy the named behavior. | E13: API source-test fixtures; fake sessions, repository or request dependencies as declared by this test. | F13: Passed | H13: Quốc Anh | O13: API source: apps/api/src/answers/citation-page.test.ts:11 Passed on 31 October 2026 in the local run of 387 tests (380 passed, 7 skipped, 0 failed) on feat/workspace-shell-polish at 045a7b5.
A14: contracts (3)
A15: AT-245 | B15: accepts a bounded exact response | C15: 1. Load the source-defined test fixtures. 2. Run this check using the configured repository test runner. 3. Exercise: accepts a bounded exact response 4. Verify the test's assertions and side effects. | D15: accepts a bounded exact response. The authorized operation behaves as asserted by the test. | E15: API source-test fixtures; fake sessions, repository or request dependencies as declared by this test. | F15: Passed | H15: Quốc Anh | O15: API source: apps/api/src/answers/contracts.test.ts:31 Passed on 31 October 2026 in the local run of 387 tests (380 passed, 7 skipped, 0 failed) on feat/workspace-shell-polish at 045a7b5.
A16: AT-246 | B16: rejects unknown fields and ungrounded answered responses | C16: 1. Load the source-defined test fixtures. 2. Run this check using the configured repository test runner. 3. Exercise: rejects unknown fields and ungrounded answered responses 4. Verify the test's assertions and side effects. | D16: rejects unknown fields and ungrounded answered responses. Invalid or unauthorized behavior is blocked without a prohibited state change. | E16: API source-test fixtures; fake sessions, repository or request dependencies as declared by this test. | F16: Passed | H16: Quốc Anh | O16: API source: apps/api/src/answers/contracts.test.ts:35 Passed on 31 October 2026 in the local run of 387 tests (380 passed, 7 skipped, 0 failed) on feat/workspace-shell-polish at 045a7b5.
A17: AT-247 | B17: accepts an honest no-evidence response | C17: 1. Load the source-defined test fixtures. 2. Run this check using the configured repository test runner. 3. Exercise: accepts an honest no-evidence response 4. Verify the test's assertions and side effects. | D17: accepts an honest no-evidence response. The authorized operation behaves as asserted by the test. | E17: API source-test fixtures; fake sessions, repository or request dependencies as declared by this test. | F17: Passed | H17: Quốc Anh | O17: API source: apps/api/src/answers/contracts.test.ts:40 Passed on 31 October 2026 in the local run of 387 tests (380 passed, 7 skipped, 0 failed) on feat/workspace-shell-polish at 045a7b5.
A18: policy (17)
A19: AT-248 | B19: reads a group publication only for an active group member | C19: 1. Load the source-defined test fixtures. 2. Run this check using the configured repository test runner. 3. Exercise: reads a group publication only for an active group member 4. Verify the test's assertions and side effects. | D19: reads a group publication only for an active group member. All declared source assertions and state checks satisfy the named behavior. | E19: API source-test fixtures; fake sessions, repository or request dependencies as declared by this test. | F19: Passed | H19: Quốc Anh | O19: API source: apps/api/src/knowledge/policy.test.ts:17 Passed on 31 October 2026 in the local run of 387 tests (380 passed, 7 skipped, 0 failed) on feat/workspace-shell-polish at 045a7b5.
A20: AT-249 | B20: uses the active pointer rather than legacy publication dates | C20: 1. Load the source-defined test fixtures. 2. Run this check using the configured repository test runner. 3. Exercise: uses the active pointer rather than legacy publication dates 4. Verify the test's assertions and side effects. | D20: uses the active pointer rather than legacy publication dates. All declared source assertions and state checks satisfy the named behavior. | E20: API source-test fixtures; fake sessions, repository or request dependencies as declared by this test. | F20: Passed | H20: Quốc Anh | O20: API source: apps/api/src/knowledge/policy.test.ts:25 Passed on 31 October 2026 in the local run of 387 tests (380 passed, 7 skipped, 0 failed) on feat/workspace-shell-polish at 045a7b5.
A21: AT-250 | B21: applies managed organization and department audiences only at their matching scope | C21: 1. Load the source-defined test fixtures. 2. Run this check using the configured repository test runner. 3. Exercise: applies managed organization and department audiences only at their matching scope 4. Verify the test's assertions and side effects. | D21: applies managed organization and department audiences only at their matching scope. All declared source assertions and state checks satisfy the named behavior. | E21: API source-test fixtures; fake sessions, repository or request dependencies as declared by this test. | F21: Passed | H21: Quốc Anh | O21: API source: apps/api/src/knowledge/policy.test.ts:31 Passed on 31 October 2026 in the local run of 387 tests (380 passed, 7 skipped, 0 failed) on feat/workspace-shell-polish at 045a7b5.
A22: AT-251 | B22: does not turn review or administration into publication readership | C22: 1. Load the source-defined test fixtures. 2. Run this check using the configured repository test runner. 3. Exercise: does not turn review or administration into publication readership 4. Verify the test's assertions and side effects. | D22: does not turn review or administration into publication readership. The named invariant holds under the exercised input. | E22: API source-test fixtures; fake sessions, repository or request dependencies as declared by this test. | F22: Passed | H22: Quốc Anh | O22: API source: apps/api/src/knowledge/policy.test.ts:48 Passed on 31 October 2026 in the local run of 387 tests (380 passed, 7 skipped, 0 failed) on feat/workspace-shell-polish at 045a7b5.
A23: AT-252 | B23: creates a shared copy only from owned private content or readable publication | C23: 1. Load the source-defined test fixtures. 2. Run this check using the configured repository test runner. 3. Exercise: creates a shared copy only from owned private content or readable publication 4. Verify the test's assertions and side effects. | D23: creates a shared copy only from owned private content or readable publication. All declared source assertions and state checks satisfy the named behavior. | E23: API source-test fixtures; fake sessions, repository or request dependencies as declared by this test. | F23: Passed | H23: Quốc Anh | O23: API source: apps/api/src/knowledge/policy.test.ts:52 Passed on 31 October 2026 in the local run of 387 tests (380 passed, 7 skipped, 0 failed) on feat/workspace-shell-polish at 045a7b5.
A24: AT-253 | B24: submits only an immutable, enforceable audience snapshot | C24: 1. Load the source-defined test fixtures. 2. Run this check using the configured repository test runner. 3. Exercise: submits only an immutable, enforceable audience snapshot 4. Verify the test's assertions and side effects. | D24: submits only an immutable, enforceable audience snapshot. All declared source assertions and state checks satisfy the named behavior. | E24: API source-test fixtures; fake sessions, repository or request dependencies as declared by this test. | F24: Passed | H24: Quốc Anh | O24: API source: apps/api/src/knowledge/policy.test.ts:58 Passed on 31 October 2026 in the local run of 387 tests (380 passed, 7 skipped, 0 failed) on feat/workspace-shell-polish at 045a7b5.
A25: AT-254 | B25: submits only when the responsible department is the author's current primary department (decision 0014) | C25: 1. Load the source-defined test fixtures. 2. Run this check using the configured repository test runner. 3. Exercise: submits only when the responsible department is the author's current primary department (decision 0014) 4. Verify the test's assertions and side effects. | D25: submits only when the responsible department is the author's current primary department (decision 0014). All declared source assertions and state checks satisfy the named behavior. | E25: API source-test fixtures; fake sessions, repository or request dependencies as declared by this test. | F25: Passed | H25: Quốc Anh | O25: API source: apps/api/src/knowledge/policy.test.ts:70 Passed on 31 October 2026 in the local run of 387 tests (380 passed, 7 skipped, 0 failed) on feat/workspace-shell-polish at 045a7b5.
A26: AT-255 | B26: derives the responsible department from the author and rejects any other department (decision 0014) | C26: 1. Load the source-defined test fixtures. 2. Run this check using the configured repository test runner. 3. Exercise: derives the responsible department from the author and rejects any other department (decision 0014) 4. Verify the test's assertions and side effects. | D26: derives the responsible department from the author and rejects any other department (decision 0014). All declared source assertions and state checks satisfy the named behavior. | E26: API source-test fixtures; fake sessions, repository or request dependencies as declared by this test. | F26: Passed | H26: Quốc Anh | O26: API source: apps/api/src/knowledge/policy.test.ts:81 Passed on 31 October 2026 in the local run of 387 tests (380 passed, 7 skipped, 0 failed) on feat/workspace-shell-polish at 045a7b5.
A27: AT-256 | B27: uses ReviewerGrant, denies self-review, and requires specialist level for Restricted | C27: 1. Load the source-defined test fixtures. 2. Run this check using the configured repository test runner. 3. Exercise: uses ReviewerGrant, denies self-review, and requires specialist level for Restricted 4. Verify the test's assertions and side effects. | D27: uses ReviewerGrant, denies self-review, and requires specialist level for Restricted. All declared source assertions and state checks satisfy the named behavior. | E27: API source-test fixtures; fake sessions, repository or request dependencies as declared by this test. | F27: Passed | H27: Quốc Anh | O27: API source: apps/api/src/knowledge/policy.test.ts:90 Passed on 31 October 2026 in the local run of 387 tests (380 passed, 7 skipped, 0 failed) on feat/workspace-shell-polish at 045a7b5.
A28: AT-257 | B28: allows Organization Admin to review and self-approve without a reviewer grant | C28: 1. Load the source-defined test fixtures. 2. Run this check using the configured repository test runner. 3. Exercise: allows Organization Admin to review and self-approve without a reviewer grant 4. Verify the test's assertions and side effects. | D28: allows Organization Admin to review and self-approve without a reviewer grant. The authorized operation behaves as asserted by the test. | E28: API source-test fixtures; fake sessions, repository or request dependencies as declared by this test. | F28: Passed | H28: Quốc Anh | O28: API source: apps/api/src/knowledge/policy.test.ts:107 Passed on 31 October 2026 in the local run of 387 tests (380 passed, 7 skipped, 0 failed) on feat/workspace-shell-polish at 045a7b5.
A29: AT-258 | B29: lets a department reviewer decide a department or group-limited snapshot | C29: 1. Load the source-defined test fixtures. 2. Run this check using the configured repository test runner. 3. Exercise: lets a department reviewer decide a department or group-limited snapshot 4. Verify the test's assertions and side effects. | D29: lets a department reviewer decide a department or group-limited snapshot. All declared source assertions and state checks satisfy the named behavior. | E29: API source-test fixtures; fake sessions, repository or request dependencies as declared by this test. | F29: Passed | H29: Quốc Anh | O29: API source: apps/api/src/knowledge/policy.test.ts:128 Passed on 31 October 2026 in the local run of 387 tests (380 passed, 7 skipped, 0 failed) on feat/workspace-shell-polish at 045a7b5.
A30: AT-259 | B30: uses disjoint scopes for new submissions | C30: 1. Load the source-defined test fixtures. 2. Run this check using the configured repository test runner. 3. Exercise: uses disjoint scopes for new submissions 4. Verify the test's assertions and side effects. | D30: uses disjoint scopes for new submissions. All declared source assertions and state checks satisfy the named behavior. | E30: API source-test fixtures; fake sessions, repository or request dependencies as declared by this test. | F30: Passed | H30: Quốc Anh | O30: API source: apps/api/src/knowledge/policy.test.ts:132 Passed on 31 October 2026 in the local run of 387 tests (380 passed, 7 skipped, 0 failed) on feat/workspace-shell-polish at 045a7b5.
... A35: AT-264 | B35: keeps Organization Admin final authority from decision 0011 | C35: 1. Load the source-defined test fixtures. 2. Run this check using the configured repository test runner. 3. Exercise: keeps Organization Admin final authority from decision 0011 4. Verify the test's assertions and side effects. | D35: keeps Organization Admin final authority from decision 0011. The named invariant holds under the exercised input. | E35: API source-test fixtures; fake sessions, repository or request dependencies as declared by this test. | F35: Passed | H35: Quốc Anh | O35: API source: apps/api/src/knowledge/policy.test.ts:172 Passed on 31 October 2026 in the local run of 387 tests (380 passed, 7 skipped, 0 failed) on feat/workspace-shell-polish at 045a7b5.
A36: review-decision (6)
A37: AT-265 | B37: plans publication preparation only for an authorized final one-step approval | C37: 1. Load the source-defined test fixtures. 2. Run this check using the configured repository test runner. 3. Exercise: plans publication preparation only for an authorized final one-step approval 4. Verify the test's assertions and side effects. | D37: plans publication preparation only for an authorized final one-step approval. All declared source assertions and state checks satisfy the named behavior. | E37: API source-test fixtures; fake sessions, repository or request dependencies as declared by this test. | F37: Passed | H37: Quốc Anh | O37: API source: apps/api/src/knowledge/review-decision.test.ts:28 Passed on 31 October 2026 in the local run of 387 tests (380 passed, 7 skipped, 0 failed) on feat/workspace-shell-polish at 045a7b5.
A38: AT-266 | B38: never publishes the wrong or corrupted snapshot | C38: 1. Load the source-defined test fixtures. 2. Run this check using the configured repository test runner. 3. Exercise: never publishes the wrong or corrupted snapshot 4. Verify the test's assertions and side effects. | D38: never publishes the wrong or corrupted snapshot. The named invariant holds under the exercised input. | E38: API source-test fixtures; fake sessions, repository or request dependencies as declared by this test. | F38: Passed | H38: Quốc Anh | O38: API source: apps/api/src/knowledge/review-decision.test.ts:35 Passed on 31 October 2026 in the local run of 387 tests (380 passed, 7 skipped, 0 failed) on feat/workspace-shell-polish at 045a7b5.
A39: AT-267 | B39: rechecks identity, active grant, department, policy and self-review | C39: 1. Load the source-defined test fixtures. 2. Run this check using the configured repository test runner. 3. Exercise: rechecks identity, active grant, department, policy and self-review 4. Verify the test's assertions and side effects. | D39: rechecks identity, active grant, department, policy and self-review. All declared source assertions and state checks satisfy the named behavior. | E39: API source-test fixtures; fake sessions, repository or request dependencies as declared by this test. | F39: Passed | H39: Quốc Anh | O39: API source: apps/api/src/knowledge/review-decision.test.ts:42 Passed on 31 October 2026 in the local run of 387 tests (380 passed, 7 skipped, 0 failed) on feat/workspace-shell-polish at 045a7b5.
A40: AT-268 | B40: blocks approval for unenforceable audience or unsupported multi-step policy | C40: 1. Load the source-defined test fixtures. 2. Run this check using the configured repository test runner. 3. Exercise: blocks approval for unenforceable audience or unsupported multi-step policy 4. Verify the test's assertions and side effects. | D40: blocks approval for unenforceable audience or unsupported multi-step policy. Invalid or unauthorized behavior is blocked without a prohibited state change. | E40: API source-test fixtures; fake sessions, repository or request dependencies as declared by this test. | F40: Passed | H40: Quốc Anh | O40: API source: apps/api/src/knowledge/review-decision.test.ts:55 Passed on 31 October 2026 in the local run of 387 tests (380 passed, 7 skipped, 0 failed) on feat/workspace-shell-polish at 045a7b5.
A41: AT-269 | B41: allows rejection with a reason but never emits publication intent | C41: 1. Load the source-defined test fixtures. 2. Run this check using the configured repository test runner. 3. Exercise: allows rejection with a reason but never emits publication intent 4. Verify the test's assertions and side effects. | D41: allows rejection with a reason but never emits publication intent. The authorized operation behaves as asserted by the test. | E41: API source-test fixtures; fake sessions, repository or request dependencies as declared by this test. | F41: Passed | H41: Quốc Anh | O41: API source: apps/api/src/knowledge/review-decision.test.ts:62 Passed on 31 October 2026 in the local run of 387 tests (380 passed, 7 skipped, 0 failed) on feat/workspace-shell-polish at 045a7b5.
A42: AT-270 | B42: allows Organization Admin self-approval without a reviewer grant | C42: 1. Load the source-defined test fixtures. 2. Run this check using the configured repository test runner. 3. Exercise: allows Organization Admin self-approval without a reviewer grant 4. Verify the test's assertions and side effects. | D42: allows Organization Admin self-approval without a reviewer grant. The authorized operation behaves as asserted by the test. | E42: API source-test fixtures; fake sessions, repository or request dependencies as declared by this test. | F42: Passed | H42: Quốc Anh | O42: API source: apps/api/src/knowledge/review-decision.test.ts:70 Passed on 31 October 2026 in the local run of 387 tests (380 passed, 7 skipped, 0 failed) on feat/workspace-shell-polish at 045a7b5.
A43: review-queue (8)
A44: AT-271 | B44: returns only currently authorized pending submissions | C44: 1. Load the source-defined test fixtures. 2. Run this check using the configured repository test runner. 3. Exercise: returns only currently authorized pending submissions 4. Verify the test's assertions and side effects. | D44: returns only currently authorized pending submissions. The response or exposed contract matches the expected fixture and assertions. | E44: API source-test fixtures; fake sessions, repository or request dependencies as declared by this test. | F44: Passed | H44: Quốc Anh | O44: API source: apps/api/src/knowledge/review-queue.test.ts:25 Passed on 31 October 2026 in the local run of 387 tests (380 passed, 7 skipped, 0 failed) on feat/workspace-shell-polish at 045a7b5.
A45: AT-272 | B45: keeps an invalid-audience submission visible so the reviewer can reject it | C45: 1. Load the source-defined test fixtures. 2. Run this check using the configured repository test runner. 3. Exercise: keeps an invalid-audience submission visible so the reviewer can reject it 4. Verify the test's assertions and side effects. | D45: keeps an invalid-audience submission visible so the reviewer can reject it. The named invariant holds under the exercised input. | E45: API source-test fixtures; fake sessions, repository or request dependencies as declared by this test. | F45: Passed | H45: Quốc Anh | O45: API source: apps/api/src/knowledge/review-queue.test.ts:44 Passed on 31 October 2026 in the local run of 387 tests (380 passed, 7 skipped, 0 failed) on feat/workspace-shell-polish at 045a7b5.
A46: AT-273 | B46: shows Organization Admin their own pending submission without a reviewer grant | C46: 1. Load the source-defined test fixtures. 2. Run this check using the configured repository test runner. 3. Exercise: shows Organization Admin their own pending submission without a reviewer grant 4. Verify the test's assertions and side effects. | D46: shows Organization Admin their own pending submission without a reviewer grant. Expected UI text, state and presentation appear in the test assertions. | E46: API source-test fixtures; fake sessions, repository or request dependencies as declared by this test. | F46: Passed | H46: Quốc Anh | O46: API source: apps/api/src/knowledge/review-queue.test.ts:51 Passed on 31 October 2026 in the local run of 387 tests (380 passed, 7 skipped, 0 failed) on feat/workspace-shell-polish at 045a7b5.
A47: AT-274 | B47: accepts one matching live grant, including classification and attribute filters | C47: 1. Load the source-defined test fixtures. 2. Run this check using the configured repository test runner. 3. Exercise: accepts one matching live grant, including classification and attribute filters 4. Verify the test's assertions and side effects. | D47: accepts one matching live grant, including classification and attribute filters. The authorized operation behaves as asserted by the test. | E47: API source-test fixtures; fake sessions, repository or request dependencies as declared by this test. | F47: Passed | H47: Quốc Anh | O47: API source: apps/api/src/knowledge/review-queue.test.ts:59 Passed on 31 October 2026 in the local run of 387 tests (380 passed, 7 skipped, 0 failed) on feat/workspace-shell-polish at 045a7b5.
A48: AT-275 | B48: requires a specialist or senior grant for restricted material | C48: 1. Load the source-defined test fixtures. 2. Run this check using the configured repository test runner. 3. Exercise: requires a specialist or senior grant for restricted material 4. Verify the test's assertions and side effects. | D48: requires a specialist or senior grant for restricted material. All declared source assertions and state checks satisfy the named behavior. | E48: API source-test fixtures; fake sessions, repository or request dependencies as declared by this test. | F48: Passed | H48: Quốc Anh | O48: API source: apps/api/src/knowledge/review-queue.test.ts:71 Passed on 31 October 2026 in the local run of 387 tests (380 passed, 7 skipped, 0 failed) on feat/workspace-shell-polish at 045a7b5.
A49: AT-276 | B49: shows an organization-wide submission only to an organization reviewer | C49: 1. Load the source-defined test fixtures. 2. Run this check using the configured repository test runner. 3. Exercise: shows an organization-wide submission only to an organization reviewer 4. Verify the test's assertions and side effects. | D49: shows an organization-wide submission only to an organization reviewer. Expected UI text, state and presentation appear in the test assertions. | E49: API source-test fixtures; fake sessions, repository or request dependencies as declared by this test. | F49: Passed | H49: Quốc Anh | O49: API source: apps/api/src/knowledge/review-queue.test.ts:82 Passed on 31 October 2026 in the local run of 387 tests (380 passed, 7 skipped, 0 failed) on feat/workspace-shell-polish at 045a7b5.
A50: AT-277 | B50: fails closed for inactive actors and invalid queue data | C50: 1. Load the source-defined test fixtures. 2. Run this check using the configured repository test runner. 3. Exercise: fails closed for inactive actors and invalid queue data 4. Verify the test's assertions and side effects. | D50: fails closed for inactive actors and invalid queue data. The error or edge case follows the asserted safe handling path. | E50: API source-test fixtures; fake sessions, repository or request dependencies as declared by this test. | F50: Passed | H50: Quốc Anh | O50: API source: apps/api/src/knowledge/review-queue.test.ts:92 Passed on 31 October 2026 in the local run of 387 tests (380 passed, 7 skipped, 0 failed) on feat/workspace-shell-polish at 045a7b5.
A51: AT-278 | B51: deduplicates join results after authorization and sorts newest first | C51: 1. Load the source-defined test fixtures. 2. Run this check using the configured repository test runner. 3. Exercise: deduplicates join results after authorization and sorts newest first 4. Verify the test's assertions and side effects. | D51: deduplicates join results after authorization and sorts newest first. All declared source assertions and state checks satisfy the named behavior. | E51: API source-test fixtures; fake sessions, repository or request dependencies as declared by this test. | F51: Passed | H51: Quốc Anh | O51: API source: apps/api/src/knowledge/review-queue.test.ts:99 Passed on 31 October 2026 in the local run of 387 tests (380 passed, 7 skipped, 0 failed) on feat/workspace-shell-polish at 045a7b5.

Sheet Feature 6
A2: Feature | B2: API Data & Index | R2: Passed
A3: Test requirement | B3: Database authorization, migrations, content storage, indexing worker and contract tests. | R3: Failed
A4: Number of TCs | B4: =COUNTA($F$12:$F$998) -> 33 | R4: Pending
A5: Testing Round | B5: Passed | C5: Failed | D5: Pending | E5: Skipped | R5: Skipped
A6: Round 1 | B6: =COUNTIF($F$12:$F$998,B$5) -> 27 | C6: =COUNTIF($F$12:$F$998,C$5) -> 0 | D6: =COUNTIF($F$12:$F$998,D$5) -> 0 | E6: =COUNTIF($F$12:$F$998,E$5) -> 6
A7: Round 2 | B7: =COUNTIF($I$12:$I$998,B$5) -> 0 | C7: =COUNTIF($I$12:$I$998,C$5) -> 0 | D7: =COUNTIF($I$12:$I$998,D$5) -> 0 | E7: =COUNTIF($I$12:$I$998,E$5) -> 0
A8: Round 3 | B8: =COUNTIF($L$12:$L$998,B$5) -> 0 | C8: =COUNTIF($L$12:$L$998,C$5) -> 0 | D8: =COUNTIF($L$12:$L$998,D$5) -> 0 | E8: =COUNTIF($L$12:$L$998,E$5) -> 0
A10: Test Case ID | B10: Test Case Description | C10: Test Case Procedure | D10: Expected Results | E10: Pre-conditions | F10: Round 1 | G10: Test date | H10: Tester | I10: Round 2 | J10: Test date | K10: Tester | L10: Round 3 | M10: Test date | N10: Tester | O10: Note
A11: migration-command (6)
A12: AT-279 | B12: implements explicit guarded command modes | C12: 1. Load the source-defined test fixtures. 2. Run this check using the configured repository test runner. 3. Exercise: implements explicit guarded command modes 4. Verify the test's assertions and side effects. | D12: implements explicit guarded command modes. All declared source assertions and state checks satisfy the named behavior. | E12: API source-test fixtures; fake sessions, repository or request dependencies as declared by this test. | F12: Passed | H12: Quốc Anh | O12: API source: apps/api/src/db/migration-command.test.ts:17 Passed on 31 October 2026 in the local run of 387 tests (380 passed, 7 skipped, 0 failed) on feat/workspace-shell-polish at 045a7b5.
A13: AT-280 | B13: reports database error codes without leaking their message or connection details | C13: 1. Load the source-defined test fixtures. 2. Run this check using the configured repository test runner. 3. Exercise: reports database error codes without leaking their message or connection details 4. Verify the test's assertions and side effects. | D13: reports database error codes without leaking their message or connection details. The response or exposed contract matches the expected fixture and assertions. | E13: API source-test fixtures; fake sessions, repository or request dependencies as declared by this test. | F13: Passed | H13: Quốc Anh | O13: API source: apps/api/src/db/migration-command.test.ts:24 Passed on 31 October 2026 in the local run of 387 tests (380 passed, 7 skipped, 0 failed) on feat/workspace-shell-polish at 045a7b5.
A14: AT-281 | B14: keeps useful runner diagnostics while removing complete database URLs | C14: 1. Load the source-defined test fixtures. 2. Run this check using the configured repository test runner. 3. Exercise: keeps useful runner diagnostics while removing complete database URLs 4. Verify the test's assertions and side effects. | D14: keeps useful runner diagnostics while removing complete database URLs. The named invariant holds under the exercised input. | E14: API source-test fixtures; fake sessions, repository or request dependencies as declared by this test. | F14: Passed | H14: Quốc Anh | O14: API source: apps/api/src/db/migration-command.test.ts:32 Passed on 31 October 2026 in the local run of 387 tests (380 passed, 7 skipped, 0 failed) on feat/workspace-shell-polish at 045a7b5.
A15: AT-282 | B15: redacts standalone password and token assignments in runner messages | C15: 1. Load the source-defined test fixtures. 2. Run this check using the configured repository test runner. 3. Exercise: redacts standalone password and token assignments in runner messages 4. Verify the test's assertions and side effects. | D15: redacts standalone password and token assignments in runner messages. All declared source assertions and state checks satisfy the named behavior. | E15: API source-test fixtures; fake sessions, repository or request dependencies as declared by this test. | F15: Passed | H15: Quốc Anh | O15: API source: apps/api/src/db/migration-command.test.ts:39 Passed on 31 October 2026 in the local run of 387 tests (380 passed, 7 skipped, 0 failed) on feat/workspace-shell-polish at 045a7b5.
A16: AT-283 | B16: accepts only a local development database for the full migration chain | C16: 1. Load the source-defined test fixtures. 2. Run this check using the configured repository test runner. 3. Exercise: accepts only a local development database for the full migration chain 4. Verify the test's assertions and side effects. | D16: accepts only a local development database for the full migration chain. The authorized operation behaves as asserted by the test. | E16: API source-test fixtures; fake sessions, repository or request dependencies as declared by this test. | F16: Passed | H16: Quốc Anh | O16: API source: apps/api/src/db/migration-command.test.ts:46 Passed on 31 October 2026 in the local run of 387 tests (380 passed, 7 skipped, 0 failed) on feat/workspace-shell-polish at 045a7b5.
A17: AT-284 | B17: requires exact explicit modes without accepting extra arguments | C17: 1. Load the source-defined test fixtures. 2. Run this check using the configured repository test runner. 3. Exercise: requires exact explicit modes without accepting extra arguments 4. Verify the test's assertions and side effects. | D17: requires exact explicit modes without accepting extra arguments. All declared source assertions and state checks satisfy the named behavior. | E17: API source-test fixtures; fake sessions, repository or request dependencies as declared by this test. | F17: Passed | H17: Quốc Anh | O17: API source: apps/api/src/db/migration-command.test.ts:58 Passed on 31 October 2026 in the local run of 387 tests (380 passed, 7 skipped, 0 failed) on feat/workspace-shell-polish at 045a7b5.
A18: migration-plan (10)
A19: AT-285 | B19: implements the checksum-aware migration planner | C19: 1. Load the source-defined test fixtures. 2. Run this check using the configured repository test runner. 3. Exercise: implements the checksum-aware migration planner 4. Verify the test's assertions and side effects. | D19: implements the checksum-aware migration planner. All declared source assertions and state checks satisfy the named behavior. | E19: API source-test fixtures; fake sessions, repository or request dependencies as declared by this test. | F19: Passed | H19: Quốc Anh | O19: API source: apps/api/src/db/migration-plan.test.ts:28 Passed on 31 October 2026 in the local run of 387 tests (380 passed, 7 skipped, 0 failed) on feat/workspace-shell-polish at 045a7b5.
A20: AT-286 | B20: selects only the ordered pending migrations after a proven applied prefix | C20: 1. Load the source-defined test fixtures. 2. Run this check using the configured repository test runner. 3. Exercise: selects only the ordered pending migrations after a proven applied prefix 4. Verify the test's assertions and side effects. | D20: selects only the ordered pending migrations after a proven applied prefix. All declared source assertions and state checks satisfy the named behavior. | E20: API source-test fixtures; fake sessions, repository or request dependencies as declared by this test. | F20: Passed | H20: Quốc Anh | O20: API source: apps/api/src/db/migration-plan.test.ts:36 Passed on 31 October 2026 in the local run of 387 tests (380 passed, 7 skipped, 0 failed) on feat/workspace-shell-polish at 045a7b5.
A21: AT-287 | B21: accepts gaps in migration numbers without inventing a missing migration | C21: 1. Load the source-defined test fixtures. 2. Run this check using the configured repository test runner. 3. Exercise: accepts gaps in migration numbers without inventing a missing migration 4. Verify the test's assertions and side effects. | D21: accepts gaps in migration numbers without inventing a missing migration. The authorized operation behaves as asserted by the test. | E21: API source-test fixtures; fake sessions, repository or request dependencies as declared by this test. | F21: Passed | H21: Quốc Anh | O21: API source: apps/api/src/db/migration-plan.test.ts:42 Passed on 31 October 2026 in the local run of 387 tests (380 passed, 7 skipped, 0 failed) on feat/workspace-shell-polish at 045a7b5.
A22: AT-288 | B22: returns no pending work when all checksums match | C22: 1. Load the source-defined test fixtures. 2. Run this check using the configured repository test runner. 3. Exercise: returns no pending work when all checksums match 4. Verify the test's assertions and side effects. | D22: returns no pending work when all checksums match. The response or exposed contract matches the expected fixture and assertions. | E22: API source-test fixtures; fake sessions, repository or request dependencies as declared by this test. | F22: Passed | H22: Quốc Anh | O22: API source: apps/api/src/db/migration-plan.test.ts:52 Passed on 31 October 2026 in the local run of 387 tests (380 passed, 7 skipped, 0 failed) on feat/workspace-shell-polish at 045a7b5.
A23: AT-289 | B23: blocks an operator-class pending migration | C23: 1. Load the source-defined test fixtures. 2. Run this check using the configured repository test runner. 3. Exercise: blocks an operator-class pending migration 4. Verify the test's assertions and side effects. | D23: blocks an operator-class pending migration. Invalid or unauthorized behavior is blocked without a prohibited state change. | E23: API source-test fixtures; fake sessions, repository or request dependencies as declared by this test. | F23: Passed | H23: Quốc Anh | O23: API source: apps/api/src/db/migration-plan.test.ts:57 Passed on 31 October 2026 in the local run of 387 tests (380 passed, 7 skipped, 0 failed) on feat/workspace-shell-polish at 045a7b5.
A24: AT-290 | B24: requires an operator checksum baseline for a missing or null checksum | C24: 1. Load the source-defined test fixtures. 2. Run this check using the configured repository test runner. 3. Exercise: requires an operator checksum baseline for a missing or null checksum 4. Verify the test's assertions and side effects. | D24: requires an operator checksum baseline for a missing or null checksum. All declared source assertions and state checks satisfy the named behavior. | E24: API source-test fixtures; fake sessions, repository or request dependencies as declared by this test. | F24: Passed | H24: Quốc Anh | O24: API source: apps/api/src/db/migration-plan.test.ts:62 Passed on 31 October 2026 in the local run of 387 tests (380 passed, 7 skipped, 0 failed) on feat/workspace-shell-polish at 045a7b5.
A25: AT-291 | B25: stops on unknown applied IDs and checksum drift | C25: 1. Load the source-defined test fixtures. 2. Run this check using the configured repository test runner. 3. Exercise: stops on unknown applied IDs and checksum drift 4. Verify the test's assertions and side effects. | D25: stops on unknown applied IDs and checksum drift. All declared source assertions and state checks satisfy the named behavior. | E25: API source-test fixtures; fake sessions, repository or request dependencies as declared by this test. | F25: Passed | H25: Quốc Anh | O25: API source: apps/api/src/db/migration-plan.test.ts:71 Passed on 31 October 2026 in the local run of 387 tests (380 passed, 7 skipped, 0 failed) on feat/workspace-shell-polish at 045a7b5.
A26: AT-292 | B26: rejects malformed, duplicate, and non-prefix ledger rows | C26: 1. Load the source-defined test fixtures. 2. Run this check using the configured repository test runner. 3. Exercise: rejects malformed, duplicate, and non-prefix ledger rows 4. Verify the test's assertions and side effects. | D26: rejects malformed, duplicate, and non-prefix ledger rows. Invalid or unauthorized behavior is blocked without a prohibited state change. | E26: API source-test fixtures; fake sessions, repository or request dependencies as declared by this test. | F26: Passed | H26: Quốc Anh | O26: API source: apps/api/src/db/migration-plan.test.ts:80 Passed on 31 October 2026 in the local run of 387 tests (380 passed, 7 skipped, 0 failed) on feat/workspace-shell-polish at 045a7b5.
A27: AT-293 | B27: rejects a candidate inventory that is not uniquely and lexically ordered | C27: 1. Load the source-defined test fixtures. 2. Run this check using the configured repository test runner. 3. Exercise: rejects a candidate inventory that is not uniquely and lexically ordered 4. Verify the test's assertions and side effects. | D27: rejects a candidate inventory that is not uniquely and lexically ordered. Invalid or unauthorized behavior is blocked without a prohibited state change. | E27: API source-test fixtures; fake sessions, repository or request dependencies as declared by this test. | F27: Passed | H27: Quốc Anh | O27: API source: apps/api/src/db/migration-plan.test.ts:92 Passed on 31 October 2026 in the local run of 387 tests (380 passed, 7 skipped, 0 failed) on feat/workspace-shell-polish at 045a7b5.
A28: AT-294 | B28: continues only the unapplied safe suffix after a checksum-proven partial run | C28: 1. Load the source-defined test fixtures. 2. Run this check using the configured repository test runner. 3. Exercise: continues only the unapplied safe suffix after a checksum-proven partial run 4. Verify the test's assertions and side effects. | D28: continues only the unapplied safe suffix after a checksum-proven partial run. All declared source assertions and state checks satisfy the named behavior. | E28: API source-test fixtures; fake sessions, repository or request dependencies as declared by this test. | F28: Passed | H28: Quốc Anh | O28: API source: apps/api/src/db/migration-plan.test.ts:100 Passed on 31 October 2026 in the local run of 387 tests (380 passed, 7 skipped, 0 failed) on feat/workspace-shell-polish at 045a7b5.
A29: repository (integration) (6)
A30: AT-295 | B30: uses a non-superuser worker login without API private-content access | C30: 1. Load the source-defined test fixtures. 2. Run this check using the configured repository test runner. 3. Exercise: uses a non-superuser worker login without API private-content access 4. Verify the test's assertions and side effects. | D30: uses a non-superuser worker login without API private-content access. All declared source assertions and state checks satisfy the named behavior. | E30: Isolated arden_test_* PostgreSQL fixture, ARDEN_TEST_DATABASE_URL and setup superuser; RLS-tested worker/member roles. | F30: Skipped | O30: API source: apps/api/src/db/repository.integration.test.ts:197 Skipped in the same 31 October 2026 run of 387 tests. The isolated arden_test_* PostgreSQL database was not configured, so this check did not run. Not a failure.
